ladder   ladder_p5  (full, twobranch-split)
betas    0.002, 0.012, 0.03, 0.075, 0.2
steps    50,000 per point  ->  250,000 total
warm     yes (each point starts from the previous)
out      checkpoints/ladder_p5

[1/5] beta 0.002 (lambda*255^2 = 130)
----------------------------------------------------------------------

run      ladder_p5/beta0.002
device   mps (Apple Metal)
beta     0.002  (== compressai lambda*255^2 130)
steps    0 -> 50,000   batch 8  crop 256
out      checkpoints/ladder_p5/beta0.002

TwoBranchCodec  internal 420  split-hyper  luma=160/160  chroma=96/96  concat=256
  part                    params   kMAC/pxl
  g_a_y                2,051,840       47.8
  g_s_y                2,180,513      254.0
  h_a_y                1,152,800        1.5
  h_s_y                2,075,040        1.4
  g_a_uv               1,241,248       14.6
  g_s_uv               1,801,954       66.4
  h_a_uv                 415,200        0.5
  h_s_uv                 747,360        0.5
  eb_y                     9,760           
  eb_uv                    5,856           
  h_scale_y              642,720        0.2
  h_scale_uv             232,032        0.1
  TOTAL               12,556,323      386.8   (47.9 MiB fp32)
  decoder                             322.4   <- compare to paper SOP 8 / BOP 28 / HOP 215

    200/50,000  loss  24.4806  bpp 3.0043  psnr   6.43  aux 10536.39  lr 2.00e-05   2.01 it/s  eta  6.88 h  Y/U/V 12.31/11.62/13.40  chroma 37.4%
    400/50,000  loss   8.9076  bpp 2.9506  psnr  15.88  aux 10501.38  lr 4.00e-05   2.06 it/s  eta  6.68 h  Y/U/V 20.27/21.31/21.04  chroma 37.9%
    600/50,000  loss   6.5988  bpp 2.0695  psnr  17.29  aux 10497.56  lr 6.00e-05   2.08 it/s  eta  6.60 h  Y/U/V 21.15/24.01/21.76  chroma 39.0%
    800/50,000  loss   5.2596  bpp 1.4377  psnr  17.79  aux 10522.26  lr 8.00e-05   2.09 it/s  eta  6.53 h  Y/U/V 21.90/24.48/21.93  chroma 27.9%
  1,000/50,000  loss   4.5700  bpp 1.2494  psnr  17.92  aux 10534.90  lr 1.00e-04   2.09 it/s  eta  6.51 h  Y/U/V 22.55/24.26/21.94  chroma 25.7%
  1,200/50,000  loss   4.2390  bpp 1.1399  psnr  18.08  aux 10531.64  lr 1.00e-04   2.09 it/s  eta  6.48 h  Y/U/V 22.73/24.95/21.75  chroma 27.1%
  1,400/50,000  loss   3.6978  bpp 1.0569  psnr  19.24  aux 10516.24  lr 1.00e-04   2.09 it/s  eta  6.45 h  Y/U/V 23.43/26.32/23.37  chroma 29.4%
  1,600/50,000  loss   3.4155  bpp 1.0512  psnr  20.96  aux 10467.19  lr 1.00e-04   2.06 it/s  eta  6.54 h  Y/U/V 23.33/28.13/28.14  chroma 31.0%
  1,800/50,000  loss   3.1081  bpp 1.0020  psnr  21.67  aux 10392.64  lr 1.00e-04   2.09 it/s  eta  6.40 h  Y/U/V 23.75/29.29/29.28  chroma 31.2%
  2,000/50,000  loss   2.9050  bpp 0.9662  psnr  22.09  aux 10295.89  lr 1.00e-04   2.09 it/s  eta  6.37 h  Y/U/V 24.04/29.78/30.22  chroma 30.8%
/Users/nizam/JPEC AI/.venv/lib/python3.12/site-packages/compressai/models/video/google.py:353: FutureWarning: `torch.cuda.amp.autocast(args...)` is deprecated. Please use `torch.amp.autocast('cuda', args...)` instead.
  @amp.autocast(enabled=False)
        rtcheck  act 1.8658  vs est  -9.28%  vs est_q  -8.02%  (sigma grid -1.37%)  oor y 0.001% z 26.063% (uv y 2.329% z 67.238%)  worst z_uv +6229 B (+65.3%)  yhat exact  psnr 23.20  **
        valid    loss   4.1628  bpp 1.7804  psnr  21.36
  2,200/50,000  loss   2.8629  bpp 0.9341  psnr  21.93  aux 10181.67  lr 1.00e-04   1.97 it/s  eta  6.74 h  Y/U/V 23.75/30.08/30.29  chroma 30.8%
  2,400/50,000  loss   2.7207  bpp 0.9134  psnr  22.11  aux 10032.88  lr 1.00e-04   2.09 it/s  eta  6.33 h  Y/U/V 24.21/29.82/29.83  chroma 31.3%
  2,600/50,000  loss   2.5794  bpp 0.8756  psnr  22.78  aux  9855.46  lr 1.00e-04   2.09 it/s  eta  6.29 h  Y/U/V 24.32/31.01/31.25  chroma 30.7%
  2,800/50,000  loss   2.5222  bpp 0.8603  psnr  22.41  aux  9645.46  lr 1.00e-04   2.09 it/s  eta  6.27 h  Y/U/V 24.27/30.17/30.83  chroma 30.8%
  3,000/50,000  loss   2.4012  bpp 0.8264  psnr  22.97  aux  9403.71  lr 1.00e-04   2.09 it/s  eta  6.26 h  Y/U/V 24.51/30.96/31.66  chroma 31.0%
  3,200/50,000  loss   2.4201  bpp 0.8244  psnr  22.72  aux  9134.16  lr 1.00e-04   2.09 it/s  eta  6.22 h  Y/U/V 24.50/30.69/31.20  chroma 31.3%
  3,400/50,000  loss   2.2872  bpp 0.7987  psnr  23.19  aux  8842.04  lr 1.00e-04   2.09 it/s  eta  6.19 h  Y/U/V 24.81/31.34/31.93  chroma 30.6%
  3,600/50,000  loss   2.2596  bpp 0.7745  psnr  23.06  aux  8549.97  lr 1.00e-04   2.09 it/s  eta  6.16 h  Y/U/V 24.48/31.44/31.96  chroma 30.4%
  3,800/50,000  loss   2.1728  bpp 0.7591  psnr  23.36  aux  8256.08  lr 1.00e-04   2.09 it/s  eta  6.14 h  Y/U/V 24.97/31.77/31.99  chroma 30.7%
  4,000/50,000  loss   2.0790  bpp 0.7464  psnr  23.55  aux  7934.87  lr 1.00e-04   2.09 it/s  eta  6.11 h  Y/U/V 25.11/32.07/32.37  chroma 31.1%
        rtcheck  act 0.5449  vs est  +3.09%  vs est_q  +5.28%  (sigma grid -2.08%)  oor y 0.000% z 2.227% (uv y 0.000% z 23.691%)  worst z_uv +1882 B (+29.3%)  yhat exact  psnr 26.64  **
        valid    loss   2.2067  bpp 0.6395  psnr  23.77
  4,200/50,000  loss   2.0751  bpp 0.7389  psnr  23.48  aux  7565.51  lr 1.00e-04   2.03 it/s  eta  6.26 h  Y/U/V 25.19/31.37/32.08  chroma 30.9%
  4,400/50,000  loss   2.0081  bpp 0.7134  psnr  23.67  aux  7182.70  lr 1.00e-04   2.09 it/s  eta  6.05 h  Y/U/V 25.13/32.07/32.77  chroma 30.4%
  4,600/50,000  loss   2.0037  bpp 0.7103  psnr  23.45  aux  6795.87  lr 1.00e-04   2.09 it/s  eta  6.03 h  Y/U/V 25.05/31.56/32.66  chroma 29.9%
  4,800/50,000  loss   1.9701  bpp 0.7190  psnr  23.65  aux  6400.89  lr 1.00e-04   2.09 it/s  eta  6.00 h  Y/U/V 25.63/31.34/31.88  chroma 30.2%
  5,000/50,000  loss   1.9842  bpp 0.6987  psnr  23.48  aux  5967.32  lr 1.00e-04   2.09 it/s  eta  5.97 h  Y/U/V 25.08/31.69/32.19  chroma 29.4%
  5,200/50,000  loss   1.9177  bpp 0.6894  psnr  23.59  aux  5553.52  lr 1.00e-04   2.09 it/s  eta  5.95 h  Y/U/V 25.44/31.36/31.97  chroma 29.6%
  5,400/50,000  loss   1.8710  bpp 0.6734  psnr  23.88  aux  5143.75  lr 1.00e-04   2.09 it/s  eta  5.92 h  Y/U/V 25.65/31.74/32.29  chroma 30.2%
  5,600/50,000  loss   1.7457  bpp 0.6431  psnr  24.60  aux  4634.98  lr 1.00e-04   2.09 it/s  eta  5.91 h  Y/U/V 25.99/33.39/33.35  chroma 29.3%
  5,800/50,000  loss   1.7578  bpp 0.6382  psnr  24.28  aux  4122.67  lr 1.00e-04   2.09 it/s  eta  5.87 h  Y/U/V 25.74/32.71/33.11  chroma 29.6%
  6,000/50,000  loss   1.7595  bpp 0.6414  psnr  24.25  aux  3635.52  lr 1.00e-04   2.09 it/s  eta  5.84 h  Y/U/V 25.84/32.33/33.14  chroma 29.4%
        rtcheck  act 0.4408  vs est  +0.51%  vs est_q  +1.53%  (sigma grid -1.01%)  oor y 0.000% z 1.380% (uv y 0.000% z 3.205%)  worst z_uv +288 B (+7.6%)  yhat exact  psnr 26.14  **
        valid    loss   1.9701  bpp 0.5307  psnr  23.75
  6,200/50,000  loss   1.8541  bpp 0.6711  psnr  23.44  aux  3176.26  lr 1.00e-04   2.03 it/s  eta  5.99 h  Y/U/V 25.70/30.38/32.05  chroma 29.5%
  6,400/50,000  loss   1.8227  bpp 0.6507  psnr  23.40  aux  2790.41  lr 1.00e-04   2.09 it/s  eta  5.80 h  Y/U/V 25.57/30.89/31.33  chroma 28.9%
  6,600/50,000  loss   1.9281  bpp 0.6844  psnr  22.69  aux  2491.38  lr 1.00e-04   2.09 it/s  eta  5.76 h  Y/U/V 25.50/28.85/30.22  chroma 30.0%
  6,800/50,000  loss   1.7351  bpp 0.6236  psnr  24.17  aux  2255.08  lr 1.00e-04   2.09 it/s  eta  5.73 h  Y/U/V 25.84/32.35/32.77  chroma 29.3%
  7,000/50,000  loss   1.7312  bpp 0.6326  psnr  23.87  aux  2074.08  lr 1.00e-04   2.09 it/s  eta  5.71 h  Y/U/V 25.94/30.77/32.43  chroma 29.8%
  7,200/50,000  loss   1.7279  bpp 0.6243  psnr  23.85  aux  1962.45  lr 1.00e-04   2.09 it/s  eta  5.68 h  Y/U/V 25.94/30.87/31.78  chroma 30.7%
  7,400/50,000  loss   1.7022  bpp 0.6228  psnr  24.05  aux  1927.45  lr 1.00e-04   2.09 it/s  eta  5.66 h  Y/U/V 26.13/31.14/32.25  chroma 30.8%
  7,600/50,000  loss   1.6019  bpp 0.6009  psnr  24.62  aux  1969.00  lr 1.00e-04   2.09 it/s  eta  5.63 h  Y/U/V 26.33/32.46/33.26  chroma 29.9%
  7,800/50,000  loss   1.6691  bpp 0.6200  psnr  24.00  aux  2013.92  lr 1.00e-04   2.09 it/s  eta  5.60 h  Y/U/V 26.15/30.99/31.87  chroma 31.0%
  8,000/50,000  loss   1.6087  bpp 0.5999  psnr  24.45  aux  2100.45  lr 1.00e-04   2.09 it/s  eta  5.57 h  Y/U/V 26.13/32.52/33.28  chroma 29.6%
        rtcheck  act 0.4023  vs est  -0.93%  vs est_q  +0.79%  (sigma grid -1.71%)  oor y 0.000% z 1.063% (uv y 0.000% z 1.186%)  worst z +170 B (+5.5%)  yhat exact  psnr 29.99  **
        valid    loss   1.6893  bpp 0.5248  psnr  25.53
  8,200/50,000  loss   1.5587  bpp 0.5954  psnr  24.74  aux  2325.28  lr 1.00e-04   2.03 it/s  eta  5.71 h  Y/U/V 26.43/32.53/33.95  chroma 30.0%
  8,400/50,000  loss   1.5334  bpp 0.5944  psnr  24.85  aux  2494.43  lr 1.00e-04   2.09 it/s  eta  5.53 h  Y/U/V 26.86/31.65/33.15  chroma 30.4%
  8,600/50,000  loss   1.5341  bpp 0.5808  psnr  24.85  aux  2704.51  lr 1.00e-04   2.09 it/s  eta  5.50 h  Y/U/V 26.20/33.47/34.11  chroma 28.6%
  8,800/50,000  loss   1.4976  bpp 0.5801  psnr  25.08  aux  2994.84  lr 1.00e-04   2.09 it/s  eta  5.47 h  Y/U/V 26.53/33.89/33.53  chroma 29.1%
  9,000/50,000  loss   1.5215  bpp 0.5926  psnr  24.62  aux  3234.47  lr 1.00e-04   2.09 it/s  eta  5.44 h  Y/U/V 26.77/31.31/32.86  chroma 30.4%
  9,200/50,000  loss   1.5118  bpp 0.5795  psnr  24.82  aux  3404.80  lr 1.00e-04   2.09 it/s  eta  5.42 h  Y/U/V 26.53/32.29/33.79  chroma 29.6%
  9,400/50,000  loss   1.4612  bpp 0.5735  psnr  25.38  aux  3687.21  lr 1.00e-04   2.09 it/s  eta  5.39 h  Y/U/V 26.69/34.24/34.51  chroma 28.2%
  9,600/50,000  loss   1.4310  bpp 0.5692  psnr  25.36  aux  4027.42  lr 1.00e-04   2.09 it/s  eta  5.36 h  Y/U/V 26.77/34.18/34.01  chroma 28.1%
  9,800/50,000  loss   1.4821  bpp 0.5804  psnr  24.78  aux  4268.16  lr 1.00e-04   2.09 it/s  eta  5.34 h  Y/U/V 26.72/32.18/32.77  chroma 29.9%
 10,000/50,000  loss   1.4375  bpp 0.5725  psnr  25.23  aux  4464.19  lr 1.00e-04   2.09 it/s  eta  5.31 h  Y/U/V 26.80/33.36/33.77  chroma 28.7%
        rtcheck  act 0.3974  vs est  -0.76%  vs est_q  +0.51%  (sigma grid -1.26%)  oor y 0.000% z 0.751% (uv y 0.000% z 0.477%)  worst z +110 B (+4.6%)  yhat exact  psnr 30.27  **
        valid    loss   1.5778  bpp 0.5137  psnr  26.20
 10,200/50,000  loss   1.4154  bpp 0.5651  psnr  25.46  aux  4736.46  lr 1.00e-04   2.03 it/s  eta  5.44 h  Y/U/V 26.74/34.47/34.21  chroma 27.7%
 10,400/50,000  loss   1.3693  bpp 0.5548  psnr  25.79  aux  5056.22  lr 1.00e-04   2.09 it/s  eta  5.27 h  Y/U/V 27.08/34.61/34.95  chroma 27.7%
 10,600/50,000  loss   1.4144  bpp 0.5645  psnr  24.99  aux  5388.03  lr 1.00e-04   2.09 it/s  eta  5.23 h  Y/U/V 26.88/32.57/32.90  chroma 29.1%
 10,800/50,000  loss   1.4189  bpp 0.5620  psnr  25.19  aux  5523.46  lr 1.00e-04   2.09 it/s  eta  5.21 h  Y/U/V 26.74/33.24/34.03  chroma 28.2%
 11,000/50,000  loss   1.3590  bpp 0.5466  psnr  25.67  aux  5778.29  lr 1.00e-04   2.09 it/s  eta  5.18 h  Y/U/V 26.98/34.70/34.57  chroma 27.5%
 11,200/50,000  loss   1.3676  bpp 0.5483  psnr  25.63  aux  6053.22  lr 1.00e-04   2.09 it/s  eta  5.15 h  Y/U/V 26.81/34.78/34.87  chroma 27.2%
 11,400/50,000  loss   1.3383  bpp 0.5423  psnr  25.84  aux  6340.76  lr 1.00e-04   2.09 it/s  eta  5.12 h  Y/U/V 27.10/34.69/35.12  chroma 27.3%
 11,600/50,000  loss   1.3508  bpp 0.5463  psnr  25.70  aux  6636.01  lr 1.00e-04   2.09 it/s  eta  5.10 h  Y/U/V 26.96/34.64/34.72  chroma 27.2%
 11,800/50,000  loss   1.3342  bpp 0.5389  psnr  25.74  aux  6945.54  lr 1.00e-04   2.09 it/s  eta  5.07 h  Y/U/V 26.99/34.65/34.96  chroma 27.2%
 12,000/50,000  loss   1.3133  bpp 0.5388  psnr  25.90  aux  7213.76  lr 1.00e-04   2.09 it/s  eta  5.05 h  Y/U/V 27.17/34.77/34.77  chroma 27.2%
        rtcheck  act 0.4084  vs est  -2.25%  vs est_q  -0.06%  (sigma grid -2.19%)  oor y 0.000% z 0.690% (uv y 0.000% z 0.911%)  worst z_uv +91 B (+5.6%)  yhat exact  psnr 31.02  **
        valid    loss   1.4809  bpp 0.5007  psnr  26.68
 12,200/50,000  loss   1.3193  bpp 0.5360  psnr  25.85  aux  7459.34  lr 1.00e-04   2.03 it/s  eta  5.17 h  Y/U/V 27.01/35.31/34.84  chroma 27.0%
 12,400/50,000  loss   1.2937  bpp 0.5317  psnr  26.01  aux  7707.59  lr 1.00e-04   2.09 it/s  eta  4.99 h  Y/U/V 27.30/34.76/34.92  chroma 27.1%
 12,600/50,000  loss   1.3190  bpp 0.5355  psnr  25.82  aux  7927.39  lr 1.00e-04   2.09 it/s  eta  4.97 h  Y/U/V 27.05/34.89/35.02  chroma 26.7%
 12,800/50,000  loss   1.2960  bpp 0.5286  psnr  25.92  aux  8152.50  lr 1.00e-04   2.09 it/s  eta  4.94 h  Y/U/V 27.06/35.15/35.46  chroma 26.4%
 13,000/50,000  loss   1.3275  bpp 0.5365  psnr  25.80  aux  8351.91  lr 1.00e-04   2.09 it/s  eta  4.91 h  Y/U/V 27.03/34.94/34.59  chroma 27.1%
 13,200/50,000  loss   1.2805  bpp 0.5234  psnr  26.04  aux  8474.73  lr 1.00e-04   2.09 it/s  eta  4.89 h  Y/U/V 27.32/35.09/34.87  chroma 26.8%
 13,400/50,000  loss   1.3035  bpp 0.5275  psnr  25.75  aux  8586.35  lr 1.00e-04   2.09 it/s  eta  4.86 h  Y/U/V 26.96/35.12/34.77  chroma 26.3%
 13,600/50,000  loss   1.2868  bpp 0.5226  psnr  25.88  aux  8670.28  lr 1.00e-04   2.09 it/s  eta  4.83 h  Y/U/V 27.24/34.78/34.84  chroma 26.4%
 13,800/50,000  loss   1.2993  bpp 0.5288  psnr  25.96  aux  8783.82  lr 1.00e-04   2.09 it/s  eta  4.81 h  Y/U/V 27.16/35.04/35.17  chroma 27.1%
 14,000/50,000  loss   1.2980  bpp 0.5270  psnr  25.78  aux  8848.75  lr 1.00e-04   2.09 it/s  eta  4.78 h  Y/U/V 27.17/34.48/34.76  chroma 26.4%
        rtcheck  act 0.4195  vs est  -3.36%  vs est_q  -0.97%  (sigma grid -2.42%)  oor y 0.000% z 0.395% (uv y 0.000% z 0.145%)  worst z +40 B (+2.1%)  yhat exact  psnr 31.06  **
        valid    loss   1.4439  bpp 0.4862  psnr  26.61
 14,200/50,000  loss   1.2636  bpp 0.5200  psnr  25.90  aux  8947.43  lr 1.00e-04   2.03 it/s  eta  4.90 h  Y/U/V 27.38/34.59/34.53  chroma 26.6%
 14,400/50,000  loss   1.2907  bpp 0.5188  psnr  25.83  aux  9071.99  lr 1.00e-04   2.09 it/s  eta  4.73 h  Y/U/V 26.93/35.21/35.37  chroma 26.2%
 14,600/50,000  loss   1.2605  bpp 0.5182  psnr  25.98  aux  9160.82  lr 1.00e-04   2.09 it/s  eta  4.71 h  Y/U/V 27.27/34.83/35.09  chroma 26.3%
 14,800/50,000  loss   1.2682  bpp 0.5192  psnr  25.97  aux  9202.46  lr 1.00e-04   2.09 it/s  eta  4.67 h  Y/U/V 27.32/34.76/34.87  chroma 26.4%
 15,000/50,000  loss   1.2453  bpp 0.5153  psnr  26.20  aux  9156.79  lr 1.00e-04   2.09 it/s  eta  4.65 h  Y/U/V 27.33/35.40/35.56  chroma 26.4%
 15,200/50,000  loss   1.2503  bpp 0.5211  psnr  26.07  aux  9210.05  lr 1.00e-04   2.09 it/s  eta  4.62 h  Y/U/V 27.26/35.31/35.02  chroma 26.4%
 15,400/50,000  loss   1.2502  bpp 0.5189  psnr  26.00  aux  9247.61  lr 1.00e-04   2.09 it/s  eta  4.60 h  Y/U/V 27.37/34.60/34.78  chroma 26.3%
 15,600/50,000  loss   1.2066  bpp 0.5136  psnr  26.50  aux  9192.52  lr 1.00e-04   2.09 it/s  eta  4.57 h  Y/U/V 27.61/35.96/35.85  chroma 26.2%
 15,800/50,000  loss   1.2509  bpp 0.5190  psnr  25.97  aux  9195.29  lr 1.00e-04   2.09 it/s  eta  4.54 h  Y/U/V 27.30/35.08/34.77  chroma 26.2%
 16,000/50,000  loss   1.2490  bpp 0.5161  psnr  25.91  aux  9097.92  lr 1.00e-04   2.09 it/s  eta  4.51 h  Y/U/V 27.15/34.95/34.85  chroma 26.5%
        rtcheck  act 0.3904  vs est  -2.19%  vs est_q  -0.13%  (sigma grid -2.07%)  oor y 0.000% z 0.187% (uv y 0.000% z 0.007%)  worst z +25 B (+1.4%)  yhat exact  psnr 30.66  ok
        valid    loss   1.3649  bpp 0.4638  psnr  26.04
 16,200/50,000  loss   1.2259  bpp 0.5164  psnr  26.12  aux  9028.61  lr 1.00e-04   2.03 it/s  eta  4.62 h  Y/U/V 27.51/34.80/34.95  chroma 26.1%
 16,400/50,000  loss   1.2494  bpp 0.5179  psnr  26.05  aux  8928.20  lr 1.00e-04   2.09 it/s  eta  4.46 h  Y/U/V 27.15/35.50/35.30  chroma 26.0%
 16,600/50,000  loss   1.2229  bpp 0.5154  psnr  26.16  aux  8894.96  lr 1.00e-04   2.09 it/s  eta  4.43 h  Y/U/V 27.32/35.57/35.27  chroma 25.9%
 16,800/50,000  loss   1.2230  bpp 0.5090  psnr  26.28  aux  8807.59  lr 1.00e-04   2.09 it/s  eta  4.40 h  Y/U/V 27.60/35.17/35.15  chroma 26.5%
 17,000/50,000  loss   1.2297  bpp 0.5108  psnr  26.20  aux  8677.21  lr 1.00e-04   2.09 it/s  eta  4.38 h  Y/U/V 27.49/35.24/34.95  chroma 26.1%
 17,200/50,000  loss   1.2101  bpp 0.5128  psnr  26.23  aux  8632.75  lr 1.00e-04   2.09 it/s  eta  4.35 h  Y/U/V 27.44/35.11/35.37  chroma 26.1%
 17,400/50,000  loss   1.2184  bpp 0.5149  psnr  26.21  aux  8470.64  lr 1.00e-04   2.09 it/s  eta  4.33 h  Y/U/V 27.37/35.53/35.46  chroma 25.9%
 17,600/50,000  loss   1.1919  bpp 0.5107  psnr  26.36  aux  8381.85  lr 1.00e-04   2.09 it/s  eta  4.30 h  Y/U/V 27.61/35.35/35.65  chroma 26.2%
 17,800/50,000  loss   1.2032  bpp 0.5105  psnr  26.39  aux  8155.18  lr 1.00e-04   2.09 it/s  eta  4.27 h  Y/U/V 27.54/35.62/35.57  chroma 26.1%
 18,000/50,000  loss   1.1834  bpp 0.5096  psnr  26.39  aux  8066.69  lr 1.00e-04   2.09 it/s  eta  4.25 h  Y/U/V 27.57/35.65/35.44  chroma 26.0%
        rtcheck  act 0.4245  vs est  -3.25%  vs est_q  -0.95%  (sigma grid -2.32%)  oor y 0.000% z 0.074% (uv y 0.000% z 0.000%)  worst z +12 B (+0.5%)  yhat exact  psnr 30.34  **
        valid    loss   1.3531  bpp 0.4904  psnr  26.58
 18,200/50,000  loss   1.1823  bpp 0.5104  psnr  26.40  aux  7951.48  lr 1.00e-04   2.03 it/s  eta  4.35 h  Y/U/V 27.59/35.44/35.71  chroma 25.9%
 18,400/50,000  loss   1.1941  bpp 0.5143  psnr  26.48  aux  7755.70  lr 1.00e-04   2.09 it/s  eta  4.19 h  Y/U/V 27.58/35.90/35.86  chroma 25.8%
 18,600/50,000  loss   1.1811  bpp 0.5096  psnr  26.55  aux  7515.53  lr 1.00e-04   2.09 it/s  eta  4.17 h  Y/U/V 27.67/35.83/35.90  chroma 26.2%
 18,800/50,000  loss   1.1845  bpp 0.5106  psnr  26.41  aux  7361.57  lr 1.00e-04   2.09 it/s  eta  4.14 h  Y/U/V 27.54/35.86/35.69  chroma 26.0%
 19,000/50,000  loss   1.1662  bpp 0.5058  psnr  26.53  aux  7172.84  lr 1.00e-04   2.09 it/s  eta  4.12 h  Y/U/V 27.70/35.88/35.77  chroma 26.0%
 19,200/50,000  loss   1.1677  bpp 0.5084  psnr  26.55  aux  6931.81  lr 1.00e-04   2.09 it/s  eta  4.09 h  Y/U/V 27.68/35.84/35.95  chroma 26.0%
 19,400/50,000  loss   1.1661  bpp 0.5089  psnr  26.57  aux  6737.43  lr 1.00e-04   2.09 it/s  eta  4.06 h  Y/U/V 27.63/35.97/35.96  chroma 25.9%
 19,600/50,000  loss   1.1777  bpp 0.5096  psnr  26.60  aux  6432.34  lr 1.00e-04   2.09 it/s  eta  4.04 h  Y/U/V 27.70/36.22/35.74  chroma 25.8%
 19,800/50,000  loss   1.1632  bpp 0.5084  psnr  26.59  aux  6159.41  lr 1.00e-04   2.09 it/s  eta  4.02 h  Y/U/V 27.75/35.70/35.83  chroma 26.0%
 20,000/50,000  loss   1.1562  bpp 0.5072  psnr  26.63  aux  5882.42  lr 1.00e-04   2.09 it/s  eta  3.98 h  Y/U/V 27.69/36.40/36.09  chroma 25.6%
        rtcheck  act 0.3851  vs est  -2.39%  vs est_q  -0.15%  (sigma grid -2.25%)  oor y 0.000% z 0.039% (uv y 0.000% z 0.000%)  worst z_uv +12 B (+1.0%)  yhat exact  psnr 31.17  ok
        valid    loss   1.2847  bpp 0.4582  psnr  27.28
 20,200/50,000  loss   1.1826  bpp 0.5101  psnr  26.46  aux  5594.49  lr 1.00e-04   2.03 it/s  eta  4.08 h  Y/U/V 27.57/35.96/35.64  chroma 25.7%
 20,400/50,000  loss   1.1578  bpp 0.5069  psnr  26.47  aux  5324.47  lr 1.00e-04   2.09 it/s  eta  3.93 h  Y/U/V 27.63/35.41/35.81  chroma 25.8%
 20,600/50,000  loss   1.1559  bpp 0.5079  psnr  26.68  aux  4817.10  lr 1.00e-04   2.09 it/s  eta  3.90 h  Y/U/V 27.91/36.02/35.59  chroma 26.0%
 20,800/50,000  loss   1.1362  bpp 0.5023  psnr  26.69  aux  4473.62  lr 1.00e-04   2.09 it/s  eta  3.88 h  Y/U/V 27.84/36.07/35.98  chroma 26.0%
 21,000/50,000  loss   1.1467  bpp 0.5077  psnr  26.68  aux  4180.10  lr 1.00e-04   2.09 it/s  eta  3.85 h  Y/U/V 27.73/36.29/36.08  chroma 25.5%
 21,200/50,000  loss   1.1457  bpp 0.5058  psnr  26.64  aux  3872.46  lr 1.00e-04   2.09 it/s  eta  3.82 h  Y/U/V 27.83/35.67/35.81  chroma 25.9%
 21,400/50,000  loss   1.1463  bpp 0.5047  psnr  26.62  aux  3603.79  lr 1.00e-04   2.09 it/s  eta  3.80 h  Y/U/V 27.72/36.21/35.88  chroma 25.7%
 21,600/50,000  loss   1.1179  bpp 0.5013  psnr  26.84  aux  3370.14  lr 1.00e-04   2.09 it/s  eta  3.77 h  Y/U/V 27.97/36.20/36.21  chroma 25.7%
 21,800/50,000  loss   1.1481  bpp 0.5077  psnr  26.57  aux  3106.15  lr 1.00e-04   2.09 it/s  eta  3.75 h  Y/U/V 27.72/35.99/35.59  chroma 25.8%
 22,000/50,000  loss   1.1205  bpp 0.5024  psnr  26.74  aux  2860.66  lr 1.00e-04   2.09 it/s  eta  3.72 h  Y/U/V 27.84/36.30/35.96  chroma 25.8%
        rtcheck  act 0.3734  vs est  -1.96%  vs est_q  -0.12%  (sigma grid -1.84%)  oor y 0.001% z 0.013% (uv y 0.000% z 0.000%)  worst z_uv +27 B (+1.7%)  yhat exact  psnr 31.97  ok
        valid    loss   1.2438  bpp 0.4487  psnr  27.69
 22,200/50,000  loss   1.1427  bpp 0.5083  psnr  26.80  aux  2577.24  lr 1.00e-04   2.03 it/s  eta  3.80 h  Y/U/V 27.99/36.05/36.00  chroma 25.7%
 22,400/50,000  loss   1.1263  bpp 0.5037  psnr  26.80  aux  2346.11  lr 1.00e-04   2.09 it/s  eta  3.66 h  Y/U/V 27.96/35.98/36.03  chroma 25.7%
 22,600/50,000  loss   1.1295  bpp 0.5075  psnr  26.77  aux  2148.32  lr 1.00e-04   2.09 it/s  eta  3.64 h  Y/U/V 27.93/35.98/35.86  chroma 25.9%
 22,800/50,000  loss   1.1100  bpp 0.4986  psnr  26.82  aux  1937.76  lr 1.00e-04   2.09 it/s  eta  3.61 h  Y/U/V 27.90/36.33/36.22  chroma 25.8%
 23,000/50,000  loss   1.1165  bpp 0.5002  psnr  26.80  aux  1768.29  lr 1.00e-04   2.09 it/s  eta  3.59 h  Y/U/V 27.93/36.13/36.38  chroma 25.7%
 23,200/50,000  loss   1.1168  bpp 0.5036  psnr  26.82  aux  1627.95  lr 1.00e-04   2.09 it/s  eta  3.56 h  Y/U/V 27.92/36.17/36.26  chroma 25.5%
 23,400/50,000  loss   1.1090  bpp 0.5017  psnr  26.82  aux  1494.13  lr 1.00e-04   2.09 it/s  eta  3.53 h  Y/U/V 27.99/36.18/36.00  chroma 25.7%
 23,600/50,000  loss   1.1130  bpp 0.5013  psnr  26.88  aux  1378.53  lr 1.00e-04   2.09 it/s  eta  3.51 h  Y/U/V 28.01/36.39/36.12  chroma 25.6%
 23,800/50,000  loss   1.1105  bpp 0.5046  psnr  26.86  aux  1266.45  lr 1.00e-04   2.08 it/s  eta  3.49 h  Y/U/V 27.96/36.18/36.19  chroma 25.6%
 24,000/50,000  loss   1.1136  bpp 0.5031  psnr  26.80  aux  1152.92  lr 1.00e-04   2.09 it/s  eta  3.46 h  Y/U/V 27.99/35.96/35.89  chroma 25.8%
        rtcheck  act 0.3855  vs est  -2.24%  vs est_q  -0.50%  (sigma grid -1.74%)  oor y 0.000% z 0.009% (uv y 0.000% z 0.000%)  worst z_uv +15 B (+1.2%)  yhat exact  psnr 31.33  **
        valid    loss   1.2127  bpp 0.4566  psnr  27.64
 24,200/50,000  loss   1.1171  bpp 0.5046  psnr  26.76  aux  1018.82  lr 1.00e-04   2.03 it/s  eta  3.53 h  Y/U/V 27.86/36.28/36.10  chroma 25.8%
 24,400/50,000  loss   1.1071  bpp 0.5025  psnr  26.96  aux   911.47  lr 1.00e-04   2.09 it/s  eta  3.40 h  Y/U/V 28.10/36.47/36.09  chroma 25.6%
 24,600/50,000  loss   1.1235  bpp 0.5051  psnr  26.86  aux   838.54  lr 1.00e-04   2.09 it/s  eta  3.37 h  Y/U/V 28.07/36.27/35.63  chroma 25.4%
 24,800/50,000  loss   1.1043  bpp 0.4997  psnr  26.86  aux   760.92  lr 1.00e-04   2.09 it/s  eta  3.35 h  Y/U/V 27.93/36.30/36.17  chroma 25.8%
 25,000/50,000  loss   1.1011  bpp 0.4982  psnr  26.92  aux   696.21  lr 1.00e-04   2.09 it/s  eta  3.32 h  Y/U/V 28.10/36.19/35.97  chroma 25.8%
 25,200/50,000  loss   1.0988  bpp 0.4991  psnr  26.95  aux   626.24  lr 1.00e-04   2.09 it/s  eta  3.29 h  Y/U/V 28.02/36.60/36.16  chroma 25.6%
 25,400/50,000  loss   1.1188  bpp 0.5039  psnr  26.75  aux   560.76  lr 1.00e-04   2.09 it/s  eta  3.27 h  Y/U/V 27.87/36.12/36.28  chroma 25.4%
 25,600/50,000  loss   1.0867  bpp 0.5007  psnr  27.03  aux   494.55  lr 1.00e-04   2.09 it/s  eta  3.24 h  Y/U/V 28.14/36.31/36.46  chroma 25.7%
 25,800/50,000  loss   1.1018  bpp 0.4995  psnr  26.75  aux   446.82  lr 1.00e-04   2.09 it/s  eta  3.21 h  Y/U/V 27.91/36.25/35.86  chroma 25.7%
 26,000/50,000  loss   1.0947  bpp 0.4988  psnr  27.02  aux   407.25  lr 1.00e-04   2.09 it/s  eta  3.19 h  Y/U/V 28.07/36.64/36.49  chroma 25.3%
        rtcheck  act 0.3936  vs est  -1.29%  vs est_q  -0.04%  (sigma grid -1.24%)  oor y 0.000% z 0.004% (uv y 0.000% z 0.000%)  worst z_uv +40 B (+1.5%)  yhat exact  psnr 32.69  ok
        valid    loss   1.1971  bpp 0.4665  psnr  28.12
 26,200/50,000  loss   1.0979  bpp 0.5020  psnr  26.87  aux   384.12  lr 1.00e-04   2.03 it/s  eta  3.25 h  Y/U/V 27.92/36.49/36.29  chroma 25.4%
 26,400/50,000  loss   1.0852  bpp 0.4974  psnr  27.12  aux   365.09  lr 1.00e-04   2.09 it/s  eta  3.13 h  Y/U/V 28.30/36.36/36.25  chroma 25.8%
 26,600/50,000  loss   1.1032  bpp 0.4993  psnr  26.86  aux   344.94  lr 1.00e-04   2.09 it/s  eta  3.11 h  Y/U/V 27.91/36.44/36.32  chroma 25.6%
 26,800/50,000  loss   1.0856  bpp 0.5000  psnr  27.08  aux   326.76  lr 1.00e-04   2.09 it/s  eta  3.08 h  Y/U/V 28.21/36.49/36.18  chroma 25.7%
 27,000/50,000  loss   1.0778  bpp 0.4951  psnr  27.08  aux   309.94  lr 1.00e-04   2.09 it/s  eta  3.05 h  Y/U/V 28.17/36.65/36.38  chroma 25.5%
 27,200/50,000  loss   1.0862  bpp 0.4934  psnr  26.95  aux   295.41  lr 1.00e-04   2.09 it/s  eta  3.03 h  Y/U/V 28.14/36.20/36.16  chroma 25.8%
 27,400/50,000  loss   1.1000  bpp 0.4995  psnr  26.95  aux   281.98  lr 1.00e-04   2.09 it/s  eta  3.00 h  Y/U/V 28.08/36.46/36.17  chroma 25.5%
 27,600/50,000  loss   1.0955  bpp 0.5032  psnr  26.87  aux   268.76  lr 1.00e-04   2.09 it/s  eta  2.98 h  Y/U/V 27.97/36.45/36.04  chroma 25.5%
 27,800/50,000  loss   1.0597  bpp 0.4922  psnr  27.25  aux   256.21  lr 1.00e-04   2.09 it/s  eta  2.95 h  Y/U/V 28.40/36.53/36.44  chroma 25.6%
 28,000/50,000  loss   1.0803  bpp 0.4952  psnr  26.98  aux   245.38  lr 1.00e-04   2.09 it/s  eta  2.92 h  Y/U/V 28.13/36.32/36.13  chroma 25.7%
        rtcheck  act 0.3769  vs est  +0.13%  vs est_q  +0.15%  (sigma grid -0.03%)  oor y 0.000% z 0.000% (uv y 0.000% z 0.000%)  worst z +18 B (+0.7%)  yhat exact  psnr 32.04  ok
        valid    loss   1.2063  bpp 0.4586  psnr  27.94
 28,200/50,000  loss   1.0660  bpp 0.4938  psnr  27.24  aux   235.29  lr 1.00e-04   2.04 it/s  eta  2.97 h  Y/U/V 28.37/36.56/36.48  chroma 25.8%
 28,400/50,000  loss   1.0940  bpp 0.5021  psnr  26.94  aux   222.54  lr 1.00e-04   2.09 it/s  eta  2.87 h  Y/U/V 28.03/36.52/36.31  chroma 25.6%
 28,600/50,000  loss   1.0943  bpp 0.5002  psnr  26.80  aux   214.76  lr 1.00e-04   2.09 it/s  eta  2.84 h  Y/U/V 27.81/36.55/36.30  chroma 25.6%
 28,800/50,000  loss   1.0580  bpp 0.4924  psnr  27.20  aux   206.17  lr 1.00e-04   2.09 it/s  eta  2.82 h  Y/U/V 28.39/36.34/36.33  chroma 25.6%
 29,000/50,000  loss   1.0663  bpp 0.4922  psnr  27.03  aux   200.94  lr 1.00e-04   2.09 it/s  eta  2.79 h  Y/U/V 28.08/36.71/36.48  chroma 25.4%
 29,200/50,000  loss   1.0667  bpp 0.4948  psnr  27.17  aux   194.45  lr 1.00e-04   2.09 it/s  eta  2.76 h  Y/U/V 28.34/36.51/36.35  chroma 25.6%
 29,400/50,000  loss   1.0761  bpp 0.4975  psnr  27.11  aux   188.03  lr 1.00e-04   2.09 it/s  eta  2.74 h  Y/U/V 28.18/36.41/36.58  chroma 25.6%
 29,600/50,000  loss   1.0752  bpp 0.4978  psnr  27.11  aux   183.85  lr 1.00e-04   2.09 it/s  eta  2.71 h  Y/U/V 28.28/36.59/36.21  chroma 25.6%
 29,800/50,000  loss   1.0639  bpp 0.4932  psnr  27.10  aux   180.19  lr 1.00e-04   2.09 it/s  eta  2.68 h  Y/U/V 28.19/36.60/36.49  chroma 25.5%
 30,000/50,000  loss   1.0612  bpp 0.4941  psnr  27.17  aux   176.27  lr 1.00e-04   2.09 it/s  eta  2.66 h  Y/U/V 28.28/36.66/36.39  chroma 25.7%
        rtcheck  act 0.3928  vs est  +1.39%  vs est_q  +0.21%  (sigma grid +1.18%)  oor y 0.001% z 0.000% (uv y 0.000% z 0.000%)  worst z +71 B (+2.0%)  yhat exact  psnr 32.54  **
        valid    loss   1.2007  bpp 0.4765  psnr  28.04
 30,200/50,000  loss   1.0894  bpp 0.5001  psnr  26.87  aux   174.05  lr 1.00e-04   2.04 it/s  eta  2.70 h  Y/U/V 27.95/36.44/36.25  chroma 25.5%
 30,400/50,000  loss   1.0803  bpp 0.4958  psnr  27.05  aux   174.03  lr 1.00e-04   2.09 it/s  eta  2.60 h  Y/U/V 28.18/36.37/36.31  chroma 25.5%
 30,600/50,000  loss   1.0638  bpp 0.4940  psnr  27.17  aux   173.69  lr 1.00e-04   2.09 it/s  eta  2.58 h  Y/U/V 28.35/36.48/36.22  chroma 25.8%
 30,800/50,000  loss   1.0864  bpp 0.4982  psnr  26.87  aux   168.86  lr 1.00e-04   2.09 it/s  eta  2.55 h  Y/U/V 27.94/36.27/36.32  chroma 25.4%
 31,000/50,000  loss   1.0470  bpp 0.4898  psnr  27.28  aux   168.16  lr 1.00e-04   2.09 it/s  eta  2.52 h  Y/U/V 28.30/36.95/36.82  chroma 25.3%
 31,200/50,000  loss   1.0812  bpp 0.4952  psnr  26.98  aux   166.29  lr 1.00e-04   2.09 it/s  eta  2.50 h  Y/U/V 28.08/36.54/36.24  chroma 25.5%
 31,400/50,000  loss   1.0618  bpp 0.4919  psnr  27.18  aux   167.83  lr 1.00e-04   2.09 it/s  eta  2.47 h  Y/U/V 28.18/36.91/36.76  chroma 25.5%
 31,600/50,000  loss   1.0629  bpp 0.4931  psnr  27.23  aux   166.65  lr 1.00e-04   2.09 it/s  eta  2.44 h  Y/U/V 28.31/36.65/36.55  chroma 25.6%
 31,800/50,000  loss   1.0561  bpp 0.4922  psnr  27.04  aux   163.38  lr 1.00e-04   2.09 it/s  eta  2.42 h  Y/U/V 28.19/36.58/36.18  chroma 25.7%
 32,000/50,000  loss   1.0706  bpp 0.4980  psnr  27.00  aux   164.02  lr 1.00e-04   2.09 it/s  eta  2.39 h  Y/U/V 28.10/36.64/36.09  chroma 25.5%
        rtcheck  act 0.4339  vs est  +1.93%  vs est_q  -0.49%  (sigma grid +2.44%)  oor y 0.000% z 0.000% (uv y 0.000% z 0.000%)  worst z +82 B (+2.5%)  yhat exact  psnr 30.75  **
        valid    loss   1.2156  bpp 0.4990  psnr  27.50
 32,200/50,000  loss   1.0517  bpp 0.4903  psnr  27.20  aux   163.38  lr 1.00e-04   2.04 it/s  eta  2.43 h  Y/U/V 28.27/36.69/36.51  chroma 25.3%
 32,400/50,000  loss   1.0422  bpp 0.4923  psnr  27.37  aux   163.99  lr 1.00e-04   2.09 it/s  eta  2.34 h  Y/U/V 28.47/36.87/36.58  chroma 25.5%
 32,600/50,000  loss   1.0661  bpp 0.4955  psnr  27.00  aux   163.84  lr 1.00e-04   2.09 it/s  eta  2.31 h  Y/U/V 28.12/36.44/36.23  chroma 25.5%
 32,800/50,000  loss   1.0643  bpp 0.4968  psnr  27.08  aux   164.25  lr 1.00e-04   2.10 it/s  eta  2.28 h  Y/U/V 28.19/36.47/36.44  chroma 25.4%
 33,000/50,000  loss   1.0705  bpp 0.5003  psnr  27.11  aux   164.02  lr 1.00e-04   2.09 it/s  eta  2.26 h  Y/U/V 28.15/36.65/36.51  chroma 25.2%
 33,200/50,000  loss   1.0443  bpp 0.4908  psnr  27.19  aux   162.91  lr 1.00e-04   2.09 it/s  eta  2.23 h  Y/U/V 28.32/36.67/36.32  chroma 25.3%
 33,400/50,000  loss   1.0371  bpp 0.4869  psnr  27.32  aux   162.91  lr 1.00e-04   2.09 it/s  eta  2.20 h  Y/U/V 28.40/36.96/36.68  chroma 25.5%
 33,600/50,000  loss   1.0518  bpp 0.4961  psnr  27.09  aux   164.52  lr 1.00e-04   2.09 it/s  eta  2.18 h  Y/U/V 28.27/36.41/36.11  chroma 25.8%
 33,800/50,000  loss   1.0483  bpp 0.4936  psnr  27.20  aux   161.45  lr 1.00e-04   2.09 it/s  eta  2.15 h  Y/U/V 28.29/36.66/36.49  chroma 25.2%
 34,000/50,000  loss   1.0506  bpp 0.4930  psnr  27.25  aux   161.37  lr 1.00e-04   2.09 it/s  eta  2.13 h  Y/U/V 28.35/36.83/36.56  chroma 25.0%
        rtcheck  act 0.4234  vs est  +1.32%  vs est_q  -0.64%  (sigma grid +1.98%)  oor y 0.000% z 0.000% (uv y 0.000% z 0.000%)  worst z +75 B (+2.2%)  yhat exact  psnr 32.89  **
        valid    loss   1.2150  bpp 0.5171  psnr  28.23
 34,200/50,000  loss   1.0387  bpp 0.4913  psnr  27.38  aux   162.98  lr 1.00e-04   2.03 it/s  eta  2.16 h  Y/U/V 28.50/36.81/36.76  chroma 25.9%
 34,400/50,000  loss   1.0565  bpp 0.4918  psnr  27.09  aux   160.92  lr 1.00e-04   2.09 it/s  eta  2.08 h  Y/U/V 28.14/36.54/36.61  chroma 25.4%
 34,600/50,000  loss   1.0665  bpp 0.4963  psnr  27.03  aux   160.44  lr 1.00e-04   2.09 it/s  eta  2.05 h  Y/U/V 28.06/36.54/36.61  chroma 25.1%
 34,800/50,000  loss   1.0488  bpp 0.4934  psnr  27.26  aux   161.62  lr 1.00e-04   2.09 it/s  eta  2.02 h  Y/U/V 28.38/36.64/36.37  chroma 25.5%
 35,000/50,000  loss   1.0380  bpp 0.4897  psnr  27.28  aux   161.06  lr 1.00e-04   2.09 it/s  eta  1.99 h  Y/U/V 28.41/36.80/36.47  chroma 25.4%
 35,200/50,000  loss   1.0369  bpp 0.4900  psnr  27.23  aux   161.07  lr 1.00e-04   2.09 it/s  eta  1.97 h  Y/U/V 28.37/36.76/36.42  chroma 25.3%
 35,400/50,000  loss   1.0520  bpp 0.4921  psnr  27.20  aux   160.73  lr 1.00e-04   2.07 it/s  eta  1.96 h  Y/U/V 28.36/36.36/36.39  chroma 25.3%
 35,600/50,000  loss   1.0377  bpp 0.4887  psnr  27.18  aux   161.24  lr 1.00e-04   2.08 it/s  eta  1.92 h  Y/U/V 28.27/36.76/36.70  chroma 25.6%
 35,800/50,000  loss   1.0503  bpp 0.4930  psnr  27.24  aux   160.64  lr 1.00e-04   2.10 it/s  eta  1.88 h  Y/U/V 28.31/36.94/36.68  chroma 25.3%
 36,000/50,000  loss   1.0394  bpp 0.4912  psnr  27.31  aux   160.72  lr 1.00e-04   2.10 it/s  eta  1.86 h  Y/U/V 28.39/36.77/36.78  chroma 25.1%
        rtcheck  act 0.4212  vs est  +1.38%  vs est_q  -1.00%  (sigma grid +2.41%)  oor y 0.000% z 0.000% (uv y 0.000% z 0.000%)  worst z +31 B (+1.2%)  yhat exact  psnr 33.22  **
        valid    loss   1.1899  bpp 0.5041  psnr  28.61
 36,200/50,000  loss   1.0525  bpp 0.4924  psnr  27.18  aux   161.12  lr 1.00e-04   2.04 it/s  eta  1.88 h  Y/U/V 28.24/36.86/36.53  chroma 25.5%
 36,400/50,000  loss   1.0514  bpp 0.4946  psnr  27.16  aux   159.94  lr 1.00e-04   2.10 it/s  eta  1.80 h  Y/U/V 28.24/36.66/36.39  chroma 25.3%
 36,600/50,000  loss   1.0331  bpp 0.4891  psnr  27.34  aux   162.66  lr 1.00e-04   2.10 it/s  eta  1.78 h  Y/U/V 28.39/36.85/36.95  chroma 25.1%
 36,800/50,000  loss   1.0409  bpp 0.4887  psnr  27.20  aux   158.65  lr 1.00e-04   2.10 it/s  eta  1.75 h  Y/U/V 28.35/36.70/36.27  chroma 25.3%
 37,000/50,000  loss   1.0275  bpp 0.4907  psnr  27.33  aux   160.71  lr 1.00e-04   2.09 it/s  eta  1.72 h  Y/U/V 28.48/36.78/36.60  chroma 25.3%
 37,200/50,000  loss   1.0315  bpp 0.4902  psnr  27.50  aux   158.35  lr 1.00e-04   2.08 it/s  eta  1.71 h  Y/U/V 28.61/36.97/36.77  chroma 25.3%
 37,400/50,000  loss   1.0699  bpp 0.4955  psnr  26.95  aux   157.60  lr 1.00e-04   2.04 it/s  eta  1.71 h  Y/U/V 27.96/36.68/36.58  chroma 24.9%
 37,600/50,000  loss   1.0337  bpp 0.4869  psnr  27.17  aux   156.15  lr 1.00e-04   1.99 it/s  eta  1.73 h  Y/U/V 28.24/36.83/36.75  chroma 25.4%
 37,800/50,000  loss   1.0419  bpp 0.4924  psnr  27.19  aux   156.75  lr 1.00e-04   1.99 it/s  eta  1.70 h  Y/U/V 28.21/36.90/36.84  chroma 24.9%
 38,000/50,000  loss   1.0548  bpp 0.4932  psnr  27.14  aux   154.40  lr 1.00e-04   1.99 it/s  eta  1.68 h  Y/U/V 28.28/36.60/36.35  chroma 25.4%
        rtcheck  act 0.4601  vs est  +2.12%  vs est_q  -1.29%  (sigma grid +3.45%)  oor y 0.000% z 0.000% (uv y 0.000% z 0.000%)  worst z +69 B (+1.7%)  yhat exact  psnr 31.71  **
        valid    loss   1.2493  bpp 0.5481  psnr  27.70
 38,200/50,000  loss   1.0326  bpp 0.4888  psnr  27.38  aux   154.81  lr 1.00e-04   1.94 it/s  eta  1.69 h  Y/U/V 28.41/36.91/36.95  chroma 25.1%
 38,400/50,000  loss   1.0256  bpp 0.4883  psnr  27.37  aux   155.21  lr 1.00e-04   1.97 it/s  eta  1.63 h  Y/U/V 28.46/36.82/36.71  chroma 25.5%
 38,600/50,000  loss   1.0315  bpp 0.4903  psnr  27.31  aux   153.91  lr 1.00e-04   1.98 it/s  eta  1.60 h  Y/U/V 28.43/36.65/36.82  chroma 25.1%
 38,800/50,000  loss   1.0283  bpp 0.4893  psnr  27.35  aux   153.51  lr 1.00e-04   1.98 it/s  eta  1.57 h  Y/U/V 28.43/36.88/36.63  chroma 25.3%
 39,000/50,000  loss   1.0473  bpp 0.4909  psnr  27.22  aux   154.95  lr 1.00e-04   1.98 it/s  eta  1.54 h  Y/U/V 28.34/36.69/36.49  chroma 25.3%
 39,200/50,000  loss   1.0329  bpp 0.4900  psnr  27.35  aux   153.54  lr 1.00e-04   2.01 it/s  eta  1.49 h  Y/U/V 28.40/36.89/36.87  chroma 25.2%
 39,400/50,000  loss   1.0470  bpp 0.4934  psnr  27.20  aux   152.28  lr 1.00e-04   2.09 it/s  eta  1.41 h  Y/U/V 28.31/36.57/36.51  chroma 25.3%
 39,600/50,000  loss   1.0164  bpp 0.4852  psnr  27.46  aux   152.34  lr 1.00e-04   2.07 it/s  eta  1.40 h  Y/U/V 28.48/37.29/36.97  chroma 25.1%
 39,800/50,000  loss   1.0392  bpp 0.4898  psnr  27.27  aux   149.83  lr 1.00e-04   2.08 it/s  eta  1.36 h  Y/U/V 28.35/36.85/36.60  chroma 25.1%
 40,000/50,000  loss   1.0332  bpp 0.4917  psnr  27.25  aux   149.51  lr 1.00e-04   2.08 it/s  eta  1.34 h  Y/U/V 28.33/36.63/36.61  chroma 25.3%
        rtcheck  act 0.4368  vs est  +0.79%  vs est_q  -2.06%  (sigma grid +2.91%)  oor y 0.000% z 0.000% (uv y 0.000% z 0.000%)  worst z +31 B (+1.1%)  yhat exact  psnr 33.16  **
        valid    loss   1.2201  bpp 0.5419  psnr  28.61
 40,200/50,000  loss   1.0164  bpp 0.4883  psnr  27.58  aux   145.68  lr 1.00e-04   2.03 it/s  eta  1.34 h  Y/U/V 28.67/36.90/36.90  chroma 25.3%
 40,400/50,000  loss   1.0400  bpp 0.4908  psnr  27.23  aux   145.88  lr 1.00e-04   2.08 it/s  eta  1.28 h  Y/U/V 28.27/36.78/36.97  chroma 25.2%
 40,600/50,000  loss   1.0464  bpp 0.4952  psnr  27.14  aux   145.89  lr 1.00e-04   2.08 it/s  eta  1.25 h  Y/U/V 28.13/36.95/36.75  chroma 24.8%
 40,800/50,000  loss   1.0179  bpp 0.4855  psnr  27.28  aux   144.32  lr 1.00e-04   2.08 it/s  eta  1.23 h  Y/U/V 28.48/36.62/36.38  chroma 25.3%
 41,000/50,000  loss   1.0365  bpp 0.4919  psnr  27.24  aux   145.10  lr 1.00e-04   2.02 it/s  eta  1.24 h  Y/U/V 28.34/36.58/36.52  chroma 25.2%
 41,200/50,000  loss   1.0265  bpp 0.4879  psnr  27.37  aux   141.48  lr 1.00e-04   2.08 it/s  eta  1.18 h  Y/U/V 28.40/37.04/36.97  chroma 24.9%
 41,400/50,000  loss   1.0307  bpp 0.4897  psnr  27.30  aux   138.02  lr 1.00e-04   2.05 it/s  eta  1.17 h  Y/U/V 28.44/36.68/36.64  chroma 25.4%
 41,600/50,000  loss   1.0243  bpp 0.4884  psnr  27.36  aux   136.78  lr 1.00e-04   2.04 it/s  eta  1.14 h  Y/U/V 28.46/36.89/36.66  chroma 25.0%
 41,800/50,000  loss   1.0297  bpp 0.4870  psnr  27.28  aux   134.73  lr 1.00e-04   1.99 it/s  eta  1.15 h  Y/U/V 28.34/36.77/36.67  chroma 25.4%
 42,000/50,000  loss   1.0247  bpp 0.4899  psnr  27.40  aux   134.60  lr 1.00e-04   2.00 it/s  eta  1.11 h  Y/U/V 28.46/36.98/36.90  chroma 24.9%
        rtcheck  act 0.4402  vs est  +1.08%  vs est_q  -2.31%  (sigma grid +3.47%)  oor y 0.000% z 0.000% (uv y 0.000% z 0.340%)  worst z +33 B (+1.0%)  yhat exact  psnr 33.13  **
        valid    loss   1.2036  bpp 0.5282  psnr  28.51
 42,200/50,000  loss   1.0417  bpp 0.4925  psnr  27.25  aux   134.30  lr 1.00e-04   1.96 it/s  eta  1.11 h  Y/U/V 28.27/36.93/36.77  chroma 25.1%
 42,400/50,000  loss   1.0094  bpp 0.4849  psnr  27.55  aux   131.88  lr 1.00e-04   2.09 it/s  eta  1.01 h  Y/U/V 28.67/36.90/36.91  chroma 25.3%
 42,600/50,000  loss   1.0280  bpp 0.4874  psnr  27.35  aux   133.34  lr 1.00e-04   2.09 it/s  eta  0.99 h  Y/U/V 28.38/36.97/36.85  chroma 25.3%
 42,800/50,000  loss   1.0306  bpp 0.4915  psnr  27.34  aux   130.38  lr 1.00e-04   2.09 it/s  eta  0.96 h  Y/U/V 28.41/36.85/36.92  chroma 25.0%
 43,000/50,000  loss   1.0086  bpp 0.4862  psnr  27.56  aux   127.35  lr 1.00e-04   2.09 it/s  eta  0.93 h  Y/U/V 28.66/36.87/37.01  chroma 25.2%
 43,200/50,000  loss   1.0327  bpp 0.4923  psnr  27.30  aux   124.81  lr 1.00e-04   2.08 it/s  eta  0.91 h  Y/U/V 28.41/36.75/36.58  chroma 25.2%
 43,400/50,000  loss   1.0188  bpp 0.4886  psnr  27.43  aux   123.69  lr 1.00e-04   2.08 it/s  eta  0.88 h  Y/U/V 28.50/36.95/36.80  chroma 25.2%
 43,600/50,000  loss   1.0062  bpp 0.4854  psnr  27.49  aux   121.77  lr 1.00e-04   2.08 it/s  eta  0.86 h  Y/U/V 28.61/36.79/37.04  chroma 25.1%
 43,800/50,000  loss   1.0423  bpp 0.4938  psnr  27.16  aux   123.04  lr 1.00e-04   2.08 it/s  eta  0.83 h  Y/U/V 28.20/36.71/36.81  chroma 25.0%
 44,000/50,000  loss   1.0207  bpp 0.4870  psnr  27.45  aux   118.97  lr 1.00e-04   2.06 it/s  eta  0.81 h  Y/U/V 28.51/36.90/36.87  chroma 25.2%
        rtcheck  act 0.4421  vs est  +0.77%  vs est_q  -2.61%  (sigma grid +3.47%)  oor y 0.000% z 0.013% (uv y 0.000% z 0.268%)  worst z +16 B (+0.5%)  yhat exact  psnr 32.97  **
        valid    loss   1.2053  bpp 0.5402  psnr  28.50
 44,200/50,000  loss   1.0316  bpp 0.4942  psnr  27.42  aux   117.72  lr 1.00e-04   2.01 it/s  eta  0.80 h  Y/U/V 28.48/36.95/36.72  chroma 25.1%
 44,400/50,000  loss   1.0199  bpp 0.4861  psnr  27.37  aux   116.63  lr 1.00e-04   2.08 it/s  eta  0.75 h  Y/U/V 28.40/36.94/37.09  chroma 25.1%
 44,600/50,000  loss   1.0210  bpp 0.4893  psnr  27.44  aux   118.40  lr 1.00e-04   2.04 it/s  eta  0.73 h  Y/U/V 28.47/37.16/36.82  chroma 25.1%
 44,800/50,000  loss   1.0231  bpp 0.4898  psnr  27.38  aux   112.42  lr 1.00e-04   2.08 it/s  eta  0.70 h  Y/U/V 28.46/36.78/37.05  chroma 25.1%
 45,000/50,000  loss   1.0264  bpp 0.4902  psnr  27.38  aux   111.02  lr 1.00e-04   1.99 it/s  eta  0.70 h  Y/U/V 28.49/36.72/36.87  chroma 25.1%
 45,200/50,000  loss   1.0228  bpp 0.4874  psnr  27.28  aux   109.07  lr 9.96e-05   1.99 it/s  eta  0.67 h  Y/U/V 28.36/36.66/36.71  chroma 25.1%
 45,400/50,000  loss   1.0149  bpp 0.4915  psnr  27.51  aux   107.77  lr 9.86e-05   2.01 it/s  eta  0.64 h  Y/U/V 28.66/36.93/36.78  chroma 25.0%
 45,600/50,000  loss   1.0147  bpp 0.4890  psnr  27.42  aux   111.29  lr 9.69e-05   2.01 it/s  eta  0.61 h  Y/U/V 28.44/37.15/37.08  chroma 25.0%
 45,800/50,000  loss   1.0295  bpp 0.4923  psnr  27.41  aux   107.09  lr 9.44e-05   2.05 it/s  eta  0.57 h  Y/U/V 28.42/37.07/37.02  chroma 25.1%
 46,000/50,000  loss   0.9911  bpp 0.4878  psnr  27.66  aux   104.28  lr 9.14e-05   2.00 it/s  eta  0.55 h  Y/U/V 28.76/37.13/36.97  chroma 25.0%
        rtcheck  act 0.4309  vs est  +0.44%  vs est_q  -2.55%  (sigma grid +3.07%)  oor y 0.000% z 0.100% (uv y 0.000% z 0.282%)  worst z +32 B (+1.2%)  yhat exact  psnr 33.12  **
        valid    loss   1.1821  bpp 0.5230  psnr  28.50
 46,200/50,000  loss   1.0205  bpp 0.4908  psnr  27.37  aux   105.68  lr 8.78e-05   1.97 it/s  eta  0.53 h  Y/U/V 28.45/36.81/36.73  chroma 25.0%
 46,400/50,000  loss   1.0081  bpp 0.4887  psnr  27.51  aux    99.37  lr 8.37e-05   2.00 it/s  eta  0.50 h  Y/U/V 28.49/37.36/37.29  chroma 24.7%
 46,600/50,000  loss   1.0123  bpp 0.4917  psnr  27.44  aux   100.06  lr 7.91e-05   1.99 it/s  eta  0.47 h  Y/U/V 28.45/37.11/37.11  chroma 25.0%
 46,800/50,000  loss   1.0308  bpp 0.4992  psnr  27.45  aux   102.36  lr 7.42e-05   2.00 it/s  eta  0.44 h  Y/U/V 28.53/36.84/36.91  chroma 25.0%
 47,000/50,000  loss   0.9964  bpp 0.4880  psnr  27.60  aux    92.47  lr 6.89e-05   2.01 it/s  eta  0.41 h  Y/U/V 28.60/37.38/37.21  chroma 25.0%
 47,200/50,000  loss   0.9843  bpp 0.4840  psnr  27.65  aux    90.26  lr 6.35e-05   2.03 it/s  eta  0.38 h  Y/U/V 28.61/37.51/37.36  chroma 24.9%
 47,400/50,000  loss   1.0013  bpp 0.4932  psnr  27.52  aux    90.53  lr 5.79e-05   2.01 it/s  eta  0.36 h  Y/U/V 28.52/37.08/37.15  chroma 24.9%
 47,600/50,000  loss   1.0025  bpp 0.4933  psnr  27.60  aux    88.25  lr 5.22e-05   2.02 it/s  eta  0.33 h  Y/U/V 28.62/37.29/37.15  chroma 24.8%
 47,800/50,000  loss   0.9702  bpp 0.4842  psnr  27.78  aux    84.34  lr 4.66e-05   2.02 it/s  eta  0.30 h  Y/U/V 28.73/37.70/37.59  chroma 24.8%
 48,000/50,000  loss   0.9855  bpp 0.4906  psnr  27.76  aux    83.96  lr 4.11e-05   2.02 it/s  eta  0.28 h  Y/U/V 28.74/37.66/37.46  chroma 24.8%
        rtcheck  act 0.4443  vs est  +0.12%  vs est_q  -3.12%  (sigma grid +3.35%)  oor y 0.000% z 0.178% (uv y 0.000% z 0.405%)  worst y_uv +15 B (+0.3%)  yhat exact  psnr 33.34  **
        valid    loss   1.1567  bpp 0.5320  psnr  28.86
 48,200/50,000  loss   0.9792  bpp 0.4901  psnr  27.67  aux    81.95  lr 3.59e-05   1.96 it/s  eta  0.25 h  Y/U/V 28.62/37.48/37.52  chroma 24.8%
 48,400/50,000  loss   0.9655  bpp 0.4866  psnr  28.00  aux    80.40  lr 3.09e-05   2.02 it/s  eta  0.22 h  Y/U/V 28.97/37.81/37.75  chroma 25.0%
 48,600/50,000  loss   0.9946  bpp 0.4938  psnr  27.67  aux    79.06  lr 2.63e-05   2.02 it/s  eta  0.19 h  Y/U/V 28.63/37.38/37.57  chroma 24.7%
 48,800/50,000  loss   0.9756  bpp 0.4927  psnr  27.83  aux    77.36  lr 2.22e-05   2.01 it/s  eta  0.17 h  Y/U/V 28.77/37.84/37.74  chroma 24.5%
 49,000/50,000  loss   0.9809  bpp 0.4924  psnr  27.81  aux    75.71  lr 1.86e-05   2.02 it/s  eta  0.14 h  Y/U/V 28.71/37.89/37.92  chroma 24.4%
 49,200/50,000  loss   0.9760  bpp 0.4915  psnr  27.78  aux    74.12  lr 1.56e-05   2.01 it/s  eta  0.11 h  Y/U/V 28.71/37.69/37.64  chroma 24.9%
 49,400/50,000  loss   0.9710  bpp 0.4899  psnr  27.89  aux    72.71  lr 1.32e-05   2.02 it/s  eta  0.08 h  Y/U/V 28.84/37.73/37.67  chroma 24.9%
 49,600/50,000  loss   0.9562  bpp 0.4901  psnr  28.00  aux    71.23  lr 1.14e-05   2.01 it/s  eta  0.06 h  Y/U/V 28.94/37.90/37.94  chroma 24.7%
 49,800/50,000  loss   0.9686  bpp 0.4926  psnr  27.78  aux    69.47  lr 1.04e-05   2.01 it/s  eta  0.03 h  Y/U/V 28.72/37.65/37.64  chroma 24.8%
 50,000/50,000  loss   0.9650  bpp 0.4895  psnr  27.88  aux    67.95  lr 1.00e-05   2.02 it/s  eta  0.00 h  Y/U/V 28.79/37.87/37.89  chroma 24.7%
        rtcheck  act 0.4417  vs est  +0.03%  vs est_q  -3.30%  (sigma grid +3.44%)  oor y 0.000% z 0.161% (uv y 0.000% z 0.731%)  worst y_uv +15 B (+0.3%)  yhat exact  psnr 33.63  **
        valid    loss   1.1398  bpp 0.5353  psnr  29.03

final    bpp 0.5353  psnr 29.03
gate     actual 0.4417 bpp
         vs estimate with quantised sigma: -3.30%   <- the coder/table gate, target +-0.5%
         vs estimate the loss saw:         +0.03%   (of which +3.44% is the 32-level sigma grid)
         out of table range: y 0.000%  z 0.161%
         per stream (bytes vs that stream's own estimate): y +0.04% (+7.4 B)  y_uv +0.34% (+15.0 B)  z -2.46% (-80.1 B)  z_uv -19.03% (-1052.0 B)
         yhat bit-exact through the coder: True
wrote    checkpoints/ladder_p5/beta0.002/final.pt
[2/5] beta 0.012 (lambda*255^2 = 780)  warm start
----------------------------------------------------------------------
resumed warmstart.pt at step 0

run      ladder_p5/beta0.012
device   mps (Apple Metal)
beta     0.012  (== compressai lambda*255^2 780)
steps    0 -> 50,000   batch 8  crop 256
out      checkpoints/ladder_p5/beta0.012

TwoBranchCodec  internal 420  split-hyper  luma=160/160  chroma=96/96  concat=256
  part                    params   kMAC/pxl
  g_a_y                2,051,840       47.8
  g_s_y                2,180,513      254.0
  h_a_y                1,152,800        1.5
  h_s_y                2,075,040        1.4
  g_a_uv               1,241,248       14.6
  g_s_uv               1,801,954       66.4
  h_a_uv                 415,200        0.5
  h_s_uv                 747,360        0.5
  eb_y                     9,760           
  eb_uv                    5,856           
  h_scale_y              642,720        0.2
  h_scale_uv             232,032        0.1
  TOTAL               12,556,323      386.8   (47.9 MiB fp32)
  decoder                             322.4   <- compare to paper SOP 8 / BOP 28 / HOP 215
  tables               209.5 KiB

    200/50,000  loss   3.2494  bpp 0.5375  psnr  28.02  aux    66.81  lr 2.00e-05   1.97 it/s  eta  7.03 h  Y/U/V 28.95/38.06/37.89  chroma 24.1%
    400/50,000  loss   3.1704  bpp 0.6021  psnr  28.14  aux    65.61  lr 4.00e-05   2.02 it/s  eta  6.83 h  Y/U/V 29.08/38.05/38.03  chroma 23.0%
    600/50,000  loss   3.1842  bpp 0.6316  psnr  28.07  aux    66.98  lr 6.00e-05   2.01 it/s  eta  6.81 h  Y/U/V 29.06/37.76/37.90  chroma 23.0%
    800/50,000  loss   3.2586  bpp 0.6484  psnr  27.96  aux    67.97  lr 8.00e-05   2.04 it/s  eta  6.70 h  Y/U/V 29.01/37.56/37.46  chroma 23.4%
  1,000/50,000  loss   3.2485  bpp 0.6618  psnr  27.92  aux    74.17  lr 1.00e-04   2.07 it/s  eta  6.56 h  Y/U/V 29.04/37.41/37.29  chroma 23.3%
  1,200/50,000  loss   3.3079  bpp 0.6828  psnr  27.91  aux    79.83  lr 1.00e-04   2.06 it/s  eta  6.59 h  Y/U/V 28.93/37.70/37.46  chroma 23.0%
  1,400/50,000  loss   3.1710  bpp 0.6802  psnr  28.13  aux    77.37  lr 1.00e-04   2.06 it/s  eta  6.54 h  Y/U/V 29.26/37.57/37.57  chroma 23.6%
  1,600/50,000  loss   3.2676  bpp 0.6959  psnr  27.89  aux    77.59  lr 1.00e-04   2.06 it/s  eta  6.52 h  Y/U/V 29.04/37.26/37.24  chroma 23.2%
  1,800/50,000  loss   3.2285  bpp 0.6979  psnr  28.00  aux    76.58  lr 1.00e-04   2.07 it/s  eta  6.45 h  Y/U/V 29.19/37.25/36.99  chroma 23.2%
  2,000/50,000  loss   3.1834  bpp 0.7018  psnr  28.09  aux    78.48  lr 1.00e-04   2.09 it/s  eta  6.39 h  Y/U/V 29.18/37.68/37.62  chroma 23.3%
        rtcheck  act 0.6858  vs est  +1.19%  vs est_q  -2.47%  (sigma grid +3.75%)  oor y 0.000% z 0.113% (uv y 0.000% z 0.398%)  worst y_uv +11 B (+0.1%)  yhat exact  psnr 33.33  **
        valid    loss   4.1390  bpp 0.7518  psnr  28.57
  2,200/50,000  loss   3.2697  bpp 0.7202  psnr  27.81  aux    75.12  lr 1.00e-04   2.03 it/s  eta  6.54 h  Y/U/V 28.92/37.39/37.31  chroma 23.1%
  2,400/50,000  loss   3.1243  bpp 0.7152  psnr  28.24  aux    71.20  lr 1.00e-04   2.05 it/s  eta  6.45 h  Y/U/V 29.41/37.60/37.42  chroma 23.0%
  2,600/50,000  loss   3.1226  bpp 0.7185  psnr  28.18  aux    74.02  lr 1.00e-04   2.05 it/s  eta  6.43 h  Y/U/V 29.32/37.58/37.51  chroma 23.1%
  2,800/50,000  loss   3.1291  bpp 0.7185  psnr  28.08  aux    67.08  lr 1.00e-04   2.06 it/s  eta  6.37 h  Y/U/V 29.19/37.64/37.38  chroma 23.1%
  3,000/50,000  loss   3.1181  bpp 0.7213  psnr  28.18  aux    68.54  lr 1.00e-04   2.08 it/s  eta  6.29 h  Y/U/V 29.23/37.84/37.78  chroma 23.0%
  3,200/50,000  loss   3.2160  bpp 0.7429  psnr  28.03  aux    69.43  lr 1.00e-04   2.10 it/s  eta  6.19 h  Y/U/V 29.26/37.18/37.12  chroma 23.1%
  3,400/50,000  loss   3.1675  bpp 0.7464  psnr  28.13  aux    71.98  lr 1.00e-04   2.09 it/s  eta  6.19 h  Y/U/V 29.20/37.80/37.70  chroma 22.6%
  3,600/50,000  loss   3.0975  bpp 0.7449  psnr  28.15  aux    67.88  lr 1.00e-04   2.10 it/s  eta  6.15 h  Y/U/V 29.24/37.69/37.64  chroma 22.7%
  3,800/50,000  loss   3.1615  bpp 0.7443  psnr  27.99  aux    68.33  lr 1.00e-04   2.08 it/s  eta  6.18 h  Y/U/V 29.37/37.00/36.81  chroma 23.2%
  4,000/50,000  loss   2.9875  bpp 0.7437  psnr  28.51  aux    70.38  lr 1.00e-04   2.10 it/s  eta  6.09 h  Y/U/V 29.73/37.81/37.73  chroma 23.1%
        rtcheck  act 0.7122  vs est  +1.31%  vs est_q  -2.06%  (sigma grid +3.44%)  oor y 0.000% z 0.030% (uv y 0.000% z 0.109%)  worst z +23 B (+0.5%)  yhat exact  psnr 34.21  **
        valid    loss   4.0015  bpp 0.8271  psnr  29.28
  4,200/50,000  loss   3.0909  bpp 0.7585  psnr  28.26  aux    72.42  lr 1.00e-04   2.01 it/s  eta  6.32 h  Y/U/V 29.41/37.73/37.54  chroma 22.9%
  4,400/50,000  loss   3.1242  bpp 0.7513  psnr  28.08  aux    67.30  lr 1.00e-04   2.05 it/s  eta  6.17 h  Y/U/V 29.23/37.50/37.47  chroma 22.9%
  4,600/50,000  loss   3.1038  bpp 0.7547  psnr  28.08  aux    65.69  lr 1.00e-04   2.08 it/s  eta  6.05 h  Y/U/V 29.24/37.50/37.43  chroma 22.7%
  4,800/50,000  loss   2.9869  bpp 0.7543  psnr  28.55  aux    69.22  lr 1.00e-04   2.07 it/s  eta  6.05 h  Y/U/V 29.81/37.64/37.77  chroma 22.9%
  5,000/50,000  loss   3.1535  bpp 0.7724  psnr  28.06  aux    68.52  lr 1.00e-04   2.07 it/s  eta  6.03 h  Y/U/V 29.16/37.54/37.59  chroma 22.7%
  5,200/50,000  loss   2.9827  bpp 0.7560  psnr  28.43  aux    62.48  lr 1.00e-04   2.07 it/s  eta  6.00 h  Y/U/V 29.60/37.75/37.70  chroma 22.9%
  5,400/50,000  loss   3.0226  bpp 0.7623  psnr  28.34  aux    64.04  lr 1.00e-04   2.07 it/s  eta  5.97 h  Y/U/V 29.61/37.41/37.29  chroma 23.1%
  5,600/50,000  loss   2.9514  bpp 0.7579  psnr  28.63  aux    67.82  lr 1.00e-04   2.09 it/s  eta  5.91 h  Y/U/V 29.77/38.15/37.94  chroma 22.8%
  5,800/50,000  loss   3.0507  bpp 0.7682  psnr  28.24  aux    64.42  lr 1.00e-04   2.08 it/s  eta  5.91 h  Y/U/V 29.48/37.26/37.37  chroma 23.2%
  6,000/50,000  loss   3.0044  bpp 0.7659  psnr  28.48  aux    67.98  lr 1.00e-04   2.09 it/s  eta  5.85 h  Y/U/V 29.63/37.91/37.72  chroma 22.8%
        rtcheck  act 0.6750  vs est  +0.47%  vs est_q  -1.58%  (sigma grid +2.08%)  oor y 0.001% z 0.000% (uv y 0.000% z 0.072%)  worst z +50 B (+1.7%)  yhat exact  psnr 34.60  **
        valid    loss   3.8655  bpp 0.7956  psnr  29.67
  6,200/50,000  loss   3.0163  bpp 0.7788  psnr  28.44  aux    73.38  lr 1.00e-04   2.03 it/s  eta  6.00 h  Y/U/V 29.59/37.78/37.80  chroma 22.7%
  6,400/50,000  loss   2.9928  bpp 0.7759  psnr  28.43  aux    68.30  lr 1.00e-04   2.09 it/s  eta  5.80 h  Y/U/V 29.59/38.01/37.66  chroma 22.8%
  6,600/50,000  loss   3.0636  bpp 0.7760  psnr  28.22  aux    64.55  lr 1.00e-04   2.09 it/s  eta  5.78 h  Y/U/V 29.33/37.65/37.65  chroma 22.8%
  6,800/50,000  loss   2.9185  bpp 0.7699  psnr  28.65  aux    64.46  lr 1.00e-04   2.09 it/s  eta  5.75 h  Y/U/V 29.80/38.15/37.99  chroma 22.9%
  7,000/50,000  loss   2.9672  bpp 0.7788  psnr  28.42  aux    59.77  lr 1.00e-04   2.09 it/s  eta  5.72 h  Y/U/V 29.57/37.71/37.91  chroma 22.9%
  7,200/50,000  loss   2.9813  bpp 0.7767  psnr  28.43  aux    63.44  lr 1.00e-04   2.09 it/s  eta  5.69 h  Y/U/V 29.63/37.75/37.41  chroma 23.1%
  7,400/50,000  loss   2.9568  bpp 0.7818  psnr  28.53  aux    66.45  lr 1.00e-04   2.09 it/s  eta  5.67 h  Y/U/V 29.66/38.09/37.91  chroma 22.7%
  7,600/50,000  loss   2.9175  bpp 0.7769  psnr  28.57  aux    62.14  lr 1.00e-04   2.09 it/s  eta  5.64 h  Y/U/V 29.83/37.85/37.58  chroma 23.2%
  7,800/50,000  loss   2.9735  bpp 0.7749  psnr  28.31  aux    61.50  lr 1.00e-04   2.09 it/s  eta  5.61 h  Y/U/V 29.56/37.54/37.27  chroma 22.9%
  8,000/50,000  loss   2.9950  bpp 0.7939  psnr  28.30  aux    67.16  lr 1.00e-04   2.09 it/s  eta  5.59 h  Y/U/V 29.50/37.57/37.56  chroma 23.0%
        rtcheck  act 0.7301  vs est  +1.17%  vs est_q  -1.54%  (sigma grid +2.74%)  oor y 0.000% z 0.000% (uv y 0.000% z 0.065%)  worst z +14 B (+0.3%)  yhat exact  psnr 35.32  **
        valid    loss   3.6617  bpp 0.8511  psnr  29.83
  8,200/50,000  loss   2.9543  bpp 0.7936  psnr  28.50  aux    71.13  lr 1.00e-04   2.03 it/s  eta  5.73 h  Y/U/V 29.72/37.79/37.58  chroma 22.6%
  8,400/50,000  loss   2.8159  bpp 0.7714  psnr  28.95  aux    61.98  lr 1.00e-04   2.09 it/s  eta  5.53 h  Y/U/V 30.20/38.10/37.86  chroma 23.2%
  8,600/50,000  loss   3.0286  bpp 0.7991  psnr  28.18  aux    63.08  lr 1.00e-04   2.09 it/s  eta  5.50 h  Y/U/V 29.40/37.43/37.43  chroma 22.7%
  8,800/50,000  loss   2.9770  bpp 0.7990  psnr  28.49  aux    62.23  lr 1.00e-04   2.09 it/s  eta  5.48 h  Y/U/V 29.70/37.81/37.67  chroma 22.8%
  9,000/50,000  loss   2.8976  bpp 0.7880  psnr  28.75  aux    66.67  lr 1.00e-04   2.09 it/s  eta  5.45 h  Y/U/V 29.97/37.85/37.92  chroma 23.1%
  9,200/50,000  loss   2.9118  bpp 0.7903  psnr  28.66  aux    61.40  lr 1.00e-04   2.09 it/s  eta  5.43 h  Y/U/V 29.77/38.03/38.05  chroma 22.8%
  9,400/50,000  loss   2.9795  bpp 0.8085  psnr  28.47  aux    67.03  lr 1.00e-04   2.09 it/s  eta  5.40 h  Y/U/V 29.80/37.62/37.34  chroma 22.7%
  9,600/50,000  loss   2.8894  bpp 0.7972  psnr  28.63  aux    64.40  lr 1.00e-04   2.09 it/s  eta  5.37 h  Y/U/V 29.86/37.93/37.96  chroma 22.6%
  9,800/50,000  loss   2.9381  bpp 0.7985  psnr  28.57  aux    64.86  lr 1.00e-04   2.09 it/s  eta  5.35 h  Y/U/V 29.80/37.84/37.75  chroma 22.8%
 10,000/50,000  loss   2.8301  bpp 0.7969  psnr  28.79  aux    64.03  lr 1.00e-04   2.09 it/s  eta  5.32 h  Y/U/V 29.98/38.02/38.02  chroma 22.8%
        rtcheck  act 0.7064  vs est  +1.88%  vs est_q  -0.95%  (sigma grid +2.85%)  oor y 0.000% z 0.000% (uv y 0.000% z 0.043%)  worst z +27 B (+1.0%)  yhat exact  psnr 35.25  **
        valid    loss   3.6195  bpp 0.8320  psnr  29.69
 10,200/50,000  loss   2.9320  bpp 0.8190  psnr  28.49  aux    67.78  lr 1.00e-04   2.03 it/s  eta  5.45 h  Y/U/V 29.75/37.73/37.47  chroma 22.7%
 10,400/50,000  loss   2.8743  bpp 0.8050  psnr  28.80  aux    67.40  lr 1.00e-04   2.09 it/s  eta  5.27 h  Y/U/V 29.97/38.14/38.19  chroma 22.8%
 10,600/50,000  loss   2.8244  bpp 0.7979  psnr  28.73  aux    58.70  lr 1.00e-04   2.09 it/s  eta  5.24 h  Y/U/V 29.87/37.85/38.07  chroma 22.7%
 10,800/50,000  loss   2.8827  bpp 0.8098  psnr  28.55  aux    62.97  lr 1.00e-04   2.09 it/s  eta  5.21 h  Y/U/V 29.82/37.70/37.64  chroma 22.9%
 11,000/50,000  loss   2.8285  bpp 0.8091  psnr  28.82  aux    60.14  lr 1.00e-04   2.08 it/s  eta  5.20 h  Y/U/V 30.05/38.07/37.86  chroma 22.7%
 11,200/50,000  loss   2.8474  bpp 0.8099  psnr  28.74  aux    66.70  lr 1.00e-04   2.08 it/s  eta  5.17 h  Y/U/V 29.94/38.07/37.93  chroma 22.7%
 11,400/50,000  loss   2.8298  bpp 0.8128  psnr  28.77  aux    67.05  lr 1.00e-04   2.07 it/s  eta  5.18 h  Y/U/V 30.06/37.96/37.85  chroma 22.8%
 11,600/50,000  loss   2.8633  bpp 0.8156  psnr  28.63  aux    64.24  lr 1.00e-04   2.05 it/s  eta  5.19 h  Y/U/V 29.87/37.66/37.85  chroma 22.9%
 11,800/50,000  loss   2.8555  bpp 0.8179  psnr  28.61  aux    67.41  lr 1.00e-04   2.05 it/s  eta  5.17 h  Y/U/V 29.87/37.82/37.76  chroma 22.8%
 12,000/50,000  loss   2.8054  bpp 0.8157  psnr  28.82  aux    67.51  lr 1.00e-04   2.06 it/s  eta  5.11 h  Y/U/V 30.04/37.81/37.97  chroma 23.0%
        rtcheck  act 0.7115  vs est  +1.81%  vs est_q  -1.00%  (sigma grid +2.84%)  oor y 0.000% z 0.000% (uv y 0.000% z 0.094%)  worst z +12 B (+0.6%)  yhat exact  psnr 34.97  **
        valid    loss   3.5186  bpp 0.8440  psnr  29.99
 12,200/50,000  loss   2.8289  bpp 0.8244  psnr  28.74  aux    66.95  lr 1.00e-04   1.98 it/s  eta  5.31 h  Y/U/V 29.97/38.19/37.74  chroma 22.8%
 12,400/50,000  loss   2.7587  bpp 0.8150  psnr  28.96  aux    62.09  lr 1.00e-04   2.02 it/s  eta  5.17 h  Y/U/V 30.18/38.26/38.07  chroma 23.0%
 12,600/50,000  loss   2.8446  bpp 0.8268  psnr  28.65  aux    67.20  lr 1.00e-04   2.02 it/s  eta  5.15 h  Y/U/V 29.97/37.64/37.77  chroma 23.1%
 12,800/50,000  loss   2.7913  bpp 0.8211  psnr  28.82  aux    64.43  lr 1.00e-04   1.98 it/s  eta  5.22 h  Y/U/V 30.01/38.01/38.08  chroma 22.8%
 13,000/50,000  loss   2.8522  bpp 0.8364  psnr  28.68  aux    66.91  lr 1.00e-04   1.96 it/s  eta  5.24 h  Y/U/V 29.94/37.66/37.82  chroma 22.9%
 13,200/50,000  loss   2.7363  bpp 0.8152  psnr  28.95  aux    62.70  lr 1.00e-04   2.02 it/s  eta  5.06 h  Y/U/V 30.27/37.98/37.84  chroma 23.2%
 13,400/50,000  loss   2.8118  bpp 0.8348  psnr  28.70  aux    66.46  lr 1.00e-04   2.01 it/s  eta  5.05 h  Y/U/V 29.85/38.27/37.83  chroma 22.6%
 13,600/50,000  loss   2.7478  bpp 0.8263  psnr  29.03  aux    67.29  lr 1.00e-04   2.07 it/s  eta  4.90 h  Y/U/V 30.24/38.46/38.16  chroma 23.0%
 13,800/50,000  loss   2.7991  bpp 0.8333  psnr  28.80  aux    61.46  lr 1.00e-04   2.06 it/s  eta  4.88 h  Y/U/V 30.06/38.07/37.94  chroma 23.0%
 14,000/50,000  loss   2.7599  bpp 0.8344  psnr  28.91  aux    67.22  lr 1.00e-04   2.07 it/s  eta  4.84 h  Y/U/V 30.16/38.01/37.99  chroma 23.0%
        rtcheck  act 0.7190  vs est  +1.16%  vs est_q  -1.12%  (sigma grid +2.31%)  oor y 0.000% z 0.000% (uv y 0.000% z 0.203%)  worst y_uv +21 B (+0.2%)  yhat exact  psnr 35.26  **
        valid    loss   3.4547  bpp 0.8468  psnr  30.00
 14,200/50,000  loss   2.7367  bpp 0.8264  psnr  28.92  aux    63.65  lr 1.00e-04   2.00 it/s  eta  4.98 h  Y/U/V 30.25/38.04/37.78  chroma 23.2%
 14,400/50,000  loss   2.8204  bpp 0.8398  psnr  28.72  aux    67.18  lr 1.00e-04   2.05 it/s  eta  4.83 h  Y/U/V 29.86/38.10/38.12  chroma 22.9%
 14,600/50,000  loss   2.7522  bpp 0.8364  psnr  28.93  aux    65.33  lr 1.00e-04   2.07 it/s  eta  4.74 h  Y/U/V 30.24/37.89/38.03  chroma 23.1%
 14,800/50,000  loss   2.7725  bpp 0.8420  psnr  28.99  aux    63.41  lr 1.00e-04   2.05 it/s  eta  4.77 h  Y/U/V 30.29/37.95/37.95  chroma 23.2%
 15,000/50,000  loss   2.7192  bpp 0.8353  psnr  29.11  aux    68.42  lr 1.00e-04   2.07 it/s  eta  4.69 h  Y/U/V 30.29/38.45/38.44  chroma 22.8%
 15,200/50,000  loss   2.7569  bpp 0.8507  psnr  28.88  aux    69.07  lr 1.00e-04   2.02 it/s  eta  4.79 h  Y/U/V 30.11/38.08/37.85  chroma 23.2%
 15,400/50,000  loss   2.7380  bpp 0.8439  psnr  28.89  aux    63.84  lr 1.00e-04   2.06 it/s  eta  4.66 h  Y/U/V 30.23/37.82/37.79  chroma 23.1%
 15,600/50,000  loss   2.6458  bpp 0.8379  psnr  29.27  aux    66.57  lr 1.00e-04   2.05 it/s  eta  4.66 h  Y/U/V 30.49/38.36/38.40  chroma 23.2%
 15,800/50,000  loss   2.7556  bpp 0.8532  psnr  28.85  aux    67.48  lr 1.00e-04   2.06 it/s  eta  4.60 h  Y/U/V 30.16/37.94/37.86  chroma 23.2%
 16,000/50,000  loss   2.7967  bpp 0.8527  psnr  28.66  aux    64.63  lr 1.00e-04   2.08 it/s  eta  4.55 h  Y/U/V 29.96/37.77/37.62  chroma 23.1%
        rtcheck  act 0.7404  vs est  +1.89%  vs est_q  -0.72%  (sigma grid +2.63%)  oor y 0.000% z 0.000% (uv y 0.000% z 0.181%)  worst z +31 B (+1.1%)  yhat exact  psnr 35.44  **
        valid    loss   3.4505  bpp 0.8935  psnr  29.63
 16,200/50,000  loss   2.6727  bpp 0.8426  psnr  29.09  aux    63.26  lr 1.00e-04   2.00 it/s  eta  4.70 h  Y/U/V 30.39/38.11/38.14  chroma 23.4%
 16,400/50,000  loss   2.7952  bpp 0.8623  psnr  28.73  aux    64.56  lr 1.00e-04   2.07 it/s  eta  4.52 h  Y/U/V 29.98/37.73/37.71  chroma 23.3%
 16,600/50,000  loss   2.6984  bpp 0.8590  psnr  29.04  aux    71.13  lr 1.00e-04   2.07 it/s  eta  4.47 h  Y/U/V 30.24/38.31/38.25  chroma 23.0%
 16,800/50,000  loss   2.6569  bpp 0.8470  psnr  29.26  aux    66.78  lr 1.00e-04   2.08 it/s  eta  4.43 h  Y/U/V 30.52/38.41/38.35  chroma 23.4%
 17,000/50,000  loss   2.6959  bpp 0.8599  psnr  29.10  aux    65.11  lr 1.00e-04   2.09 it/s  eta  4.39 h  Y/U/V 30.42/38.30/37.90  chroma 23.4%
 17,200/50,000  loss   2.6754  bpp 0.8608  psnr  29.05  aux    66.16  lr 1.00e-04   2.08 it/s  eta  4.38 h  Y/U/V 30.24/38.25/38.30  chroma 23.2%
 17,400/50,000  loss   2.6969  bpp 0.8656  psnr  29.02  aux    65.17  lr 1.00e-04   2.02 it/s  eta  4.49 h  Y/U/V 30.27/38.18/37.94  chroma 23.2%
 17,600/50,000  loss   2.6413  bpp 0.8566  psnr  29.16  aux    62.28  lr 1.00e-04   2.08 it/s  eta  4.34 h  Y/U/V 30.46/38.23/38.17  chroma 23.6%
 17,800/50,000  loss   2.6679  bpp 0.8580  psnr  29.17  aux    65.86  lr 1.00e-04   2.07 it/s  eta  4.32 h  Y/U/V 30.36/38.47/38.47  chroma 23.6%
 18,000/50,000  loss   2.6366  bpp 0.8694  psnr  29.15  aux    68.63  lr 1.00e-04   2.08 it/s  eta  4.28 h  Y/U/V 30.42/38.21/38.22  chroma 23.2%
        rtcheck  act 0.6984  vs est  +1.65%  vs est_q  -0.41%  (sigma grid +2.07%)  oor y 0.001% z 0.000% (uv y 0.000% z 0.188%)  worst y_uv +9 B (+0.1%)  yhat exact  psnr 35.19  ok
        valid    loss   3.3199  bpp 0.8577  psnr  30.06
 18,200/50,000  loss   2.6658  bpp 0.8750  psnr  29.15  aux    66.75  lr 1.00e-04   2.02 it/s  eta  4.37 h  Y/U/V 30.42/38.20/38.11  chroma 23.3%
 18,400/50,000  loss   2.6669  bpp 0.8642  psnr  29.10  aux    59.75  lr 1.00e-04   2.09 it/s  eta  4.20 h  Y/U/V 30.35/38.31/38.04  chroma 23.4%
 18,600/50,000  loss   2.6546  bpp 0.8675  psnr  29.21  aux    58.86  lr 1.00e-04   2.09 it/s  eta  4.17 h  Y/U/V 30.47/38.13/38.42  chroma 23.6%
 18,800/50,000  loss   2.6718  bpp 0.8762  psnr  29.08  aux    65.27  lr 1.00e-04   2.08 it/s  eta  4.16 h  Y/U/V 30.30/38.32/38.14  chroma 23.4%
 19,000/50,000  loss   2.6322  bpp 0.8636  psnr  29.18  aux    61.31  lr 1.00e-04   2.08 it/s  eta  4.13 h  Y/U/V 30.47/38.19/38.31  chroma 23.7%
 19,200/50,000  loss   2.6609  bpp 0.8678  psnr  29.04  aux    59.97  lr 1.00e-04   2.10 it/s  eta  4.08 h  Y/U/V 30.37/38.08/38.04  chroma 23.5%
 19,400/50,000  loss   2.6433  bpp 0.8718  psnr  29.16  aux    58.09  lr 1.00e-04   2.06 it/s  eta  4.12 h  Y/U/V 30.35/38.29/38.33  chroma 23.6%
 19,600/50,000  loss   2.6746  bpp 0.8726  psnr  29.18  aux    64.65  lr 1.00e-04   1.84 it/s  eta  4.60 h  Y/U/V 30.45/38.30/38.18  chroma 23.6%
 19,800/50,000  loss   2.6124  bpp 0.8694  psnr  29.28  aux    60.90  lr 1.00e-04   1.97 it/s  eta  4.27 h  Y/U/V 30.53/38.36/38.27  chroma 23.7%
 20,000/50,000  loss   2.6000  bpp 0.8723  psnr  29.27  aux    66.49  lr 1.00e-04   2.07 it/s  eta  4.02 h  Y/U/V 30.54/38.60/38.24  chroma 23.6%
        rtcheck  act 0.7144  vs est  +1.41%  vs est_q  -0.71%  (sigma grid +2.14%)  oor y 0.001% z 0.000% (uv y 0.000% z 0.065%)  worst y_uv +11 B (+0.1%)  yhat exact  psnr 35.88  **
        valid    loss   3.3822  bpp 0.8907  psnr  30.32
 20,200/50,000  loss   2.6933  bpp 0.8840  psnr  29.12  aux    61.98  lr 1.00e-04   2.02 it/s  eta  4.09 h  Y/U/V 30.32/38.34/38.28  chroma 23.7%
 20,400/50,000  loss   2.6175  bpp 0.8770  psnr  29.13  aux    59.42  lr 1.00e-04   2.09 it/s  eta  3.94 h  Y/U/V 30.44/37.94/38.10  chroma 23.6%
 20,600/50,000  loss   2.5727  bpp 0.8659  psnr  29.40  aux    58.98  lr 1.00e-04   2.10 it/s  eta  3.90 h  Y/U/V 30.70/38.76/38.27  chroma 23.7%
 20,800/50,000  loss   2.5783  bpp 0.8661  psnr  29.24  aux    56.46  lr 1.00e-04   2.10 it/s  eta  3.87 h  Y/U/V 30.54/38.33/38.11  chroma 24.1%
 21,000/50,000  loss   2.5850  bpp 0.8724  psnr  29.33  aux    59.11  lr 1.00e-04   2.09 it/s  eta  3.85 h  Y/U/V 30.49/38.72/38.54  chroma 23.7%
 21,200/50,000  loss   2.6578  bpp 0.8750  psnr  29.02  aux    56.75  lr 1.00e-04   2.10 it/s  eta  3.82 h  Y/U/V 30.40/37.93/37.71  chroma 24.0%
 21,400/50,000  loss   2.6537  bpp 0.8817  psnr  29.14  aux    60.31  lr 1.00e-04   2.10 it/s  eta  3.79 h  Y/U/V 30.41/38.38/38.09  chroma 23.8%
 21,600/50,000  loss   2.5384  bpp 0.8668  psnr  29.49  aux    59.14  lr 1.00e-04   2.10 it/s  eta  3.76 h  Y/U/V 30.74/38.72/38.61  chroma 23.9%
 21,800/50,000  loss   2.6385  bpp 0.8825  psnr  29.13  aux    58.25  lr 1.00e-04   2.10 it/s  eta  3.74 h  Y/U/V 30.41/38.05/38.04  chroma 24.1%
 22,000/50,000  loss   2.5759  bpp 0.8706  psnr  29.26  aux    56.68  lr 1.00e-04   2.10 it/s  eta  3.71 h  Y/U/V 30.44/38.65/38.46  chroma 23.9%
        rtcheck  act 0.7177  vs est  +1.24%  vs est_q  -0.43%  (sigma grid +1.68%)  oor y 0.001% z 0.000% (uv y 0.000% z 0.398%)  worst z +20 B (+0.9%)  yhat exact  psnr 35.71  ok
        valid    loss   3.2033  bpp 0.8783  psnr  30.66
 22,200/50,000  loss   2.6146  bpp 0.8812  psnr  29.40  aux    60.58  lr 1.00e-04   2.04 it/s  eta  3.79 h  Y/U/V 30.74/38.22/38.30  chroma 24.1%
 22,400/50,000  loss   2.5904  bpp 0.8728  psnr  29.26  aux    53.25  lr 1.00e-04   2.10 it/s  eta  3.66 h  Y/U/V 30.63/38.07/38.16  chroma 24.0%
 22,600/50,000  loss   2.6170  bpp 0.8807  psnr  29.21  aux    50.63  lr 1.00e-04   2.08 it/s  eta  3.65 h  Y/U/V 30.55/38.13/37.93  chroma 24.3%
 22,800/50,000  loss   2.6035  bpp 0.8676  psnr  29.19  aux    51.82  lr 1.00e-04   2.09 it/s  eta  3.62 h  Y/U/V 30.50/38.14/38.28  chroma 24.2%
 23,000/50,000  loss   2.5626  bpp 0.8753  psnr  29.50  aux    55.88  lr 1.00e-04   2.08 it/s  eta  3.60 h  Y/U/V 30.67/38.89/38.70  chroma 24.0%
 23,200/50,000  loss   2.5889  bpp 0.8778  psnr  29.26  aux    49.31  lr 1.00e-04   2.08 it/s  eta  3.57 h  Y/U/V 30.51/38.33/38.30  chroma 24.0%
 23,400/50,000  loss   2.5817  bpp 0.8785  psnr  29.30  aux    57.77  lr 1.00e-04   2.08 it/s  eta  3.55 h  Y/U/V 30.61/38.51/38.23  chroma 24.2%
 23,600/50,000  loss   2.5997  bpp 0.8765  psnr  29.35  aux    49.28  lr 1.00e-04   2.08 it/s  eta  3.52 h  Y/U/V 30.56/38.67/38.49  chroma 24.1%
 23,800/50,000  loss   2.5559  bpp 0.8802  psnr  29.39  aux    49.23  lr 1.00e-04   2.08 it/s  eta  3.50 h  Y/U/V 30.56/38.56/38.76  chroma 24.1%
 24,000/50,000  loss   2.5698  bpp 0.8790  psnr  29.33  aux    49.55  lr 1.00e-04   2.07 it/s  eta  3.48 h  Y/U/V 30.65/38.30/38.25  chroma 24.4%
        rtcheck  act 0.7162  vs est  +1.29%  vs est_q  -0.44%  (sigma grid +1.73%)  oor y 0.001% z 0.000% (uv y 0.000% z 0.427%)  worst z +12 B (+0.7%)  yhat exact  psnr 35.74  ok
        valid    loss   3.4321  bpp 0.8955  psnr  29.44
 24,200/50,000  loss   2.6182  bpp 0.8789  psnr  29.11  aux    49.21  lr 1.00e-04   2.02 it/s  eta  3.55 h  Y/U/V 30.42/38.17/38.03  chroma 24.2%
 24,400/50,000  loss   2.5499  bpp 0.8778  psnr  29.45  aux    51.32  lr 1.00e-04   2.08 it/s  eta  3.43 h  Y/U/V 30.75/38.59/38.30  chroma 24.4%
 24,600/50,000  loss   2.5536  bpp 0.8785  psnr  29.47  aux    51.79  lr 1.00e-04   2.08 it/s  eta  3.39 h  Y/U/V 30.75/38.45/38.46  chroma 24.2%
 24,800/50,000  loss   2.5705  bpp 0.8796  psnr  29.35  aux    49.02  lr 1.00e-04   2.07 it/s  eta  3.37 h  Y/U/V 30.53/38.57/38.50  chroma 24.4%
 25,000/50,000  loss   2.5736  bpp 0.8771  psnr  29.40  aux    48.04  lr 1.00e-04   2.06 it/s  eta  3.37 h  Y/U/V 30.68/38.50/38.30  chroma 24.4%
 25,200/50,000  loss   2.5510  bpp 0.8768  psnr  29.45  aux    43.79  lr 1.00e-04   2.05 it/s  eta  3.36 h  Y/U/V 30.68/38.55/38.42  chroma 24.4%
 25,400/50,000  loss   2.5873  bpp 0.8887  psnr  29.33  aux    52.72  lr 1.00e-04   2.06 it/s  eta  3.32 h  Y/U/V 30.51/38.68/38.67  chroma 24.3%
 25,600/50,000  loss   2.5178  bpp 0.8834  psnr  29.53  aux    48.34  lr 1.00e-04   2.07 it/s  eta  3.28 h  Y/U/V 30.76/38.65/38.74  chroma 24.4%
 25,800/50,000  loss   2.5895  bpp 0.8808  psnr  29.15  aux    49.04  lr 1.00e-04   2.07 it/s  eta  3.25 h  Y/U/V 30.40/38.45/38.04  chroma 24.4%
 26,000/50,000  loss   2.5266  bpp 0.8819  psnr  29.54  aux    43.10  lr 1.00e-04   2.05 it/s  eta  3.25 h  Y/U/V 30.74/38.85/38.90  chroma 24.2%
        rtcheck  act 0.7171  vs est  +1.84%  vs est_q  -0.17%  (sigma grid +2.02%)  oor y 0.000% z 0.113% (uv y 0.000% z 0.340%)  worst z +21 B (+1.3%)  yhat exact  psnr 36.10  ok
        valid    loss   3.1488  bpp 0.8834  psnr  30.72
 26,200/50,000  loss   2.5499  bpp 0.8867  psnr  29.36  aux    42.18  lr 1.00e-04   2.03 it/s  eta  3.26 h  Y/U/V 30.58/38.71/38.35  chroma 24.4%
 26,400/50,000  loss   2.5295  bpp 0.8803  psnr  29.56  aux    40.19  lr 1.00e-04   2.08 it/s  eta  3.16 h  Y/U/V 30.99/38.14/38.32  chroma 24.7%
 26,600/50,000  loss   2.5707  bpp 0.8911  psnr  29.33  aux    44.12  lr 1.00e-04   2.08 it/s  eta  3.13 h  Y/U/V 30.55/38.59/38.49  chroma 24.5%
 26,800/50,000  loss   2.5285  bpp 0.8905  psnr  29.52  aux    43.95  lr 1.00e-04   2.06 it/s  eta  3.13 h  Y/U/V 30.82/38.52/38.40  chroma 24.5%
 27,000/50,000  loss   2.5215  bpp 0.8853  psnr  29.54  aux    44.72  lr 1.00e-04   2.07 it/s  eta  3.09 h  Y/U/V 30.76/38.81/38.63  chroma 24.2%
 27,200/50,000  loss   2.5469  bpp 0.8847  psnr  29.51  aux    41.34  lr 1.00e-04   2.07 it/s  eta  3.06 h  Y/U/V 30.74/38.69/38.54  chroma 24.5%
 27,400/50,000  loss   2.5579  bpp 0.8915  psnr  29.43  aux    43.87  lr 1.00e-04   2.07 it/s  eta  3.04 h  Y/U/V 30.68/38.62/38.50  chroma 24.3%
 27,600/50,000  loss   2.5849  bpp 0.8999  psnr  29.27  aux    42.00  lr 1.00e-04   2.07 it/s  eta  3.00 h  Y/U/V 30.51/38.44/38.27  chroma 24.4%
 27,800/50,000  loss   2.4412  bpp 0.8765  psnr  29.80  aux    41.82  lr 1.00e-04   2.07 it/s  eta  2.97 h  Y/U/V 31.11/38.89/38.65  chroma 24.6%
 28,000/50,000  loss   2.5005  bpp 0.8860  psnr  29.56  aux    42.43  lr 1.00e-04   2.07 it/s  eta  2.95 h  Y/U/V 30.81/38.63/38.68  chroma 24.6%
        rtcheck  act 0.7154  vs est  +2.00%  vs est_q  -0.25%  (sigma grid +2.26%)  oor y 0.001% z 0.056% (uv y 0.000% z 0.289%)  worst z +17 B (+0.8%)  yhat exact  psnr 35.07  ok
        valid    loss   3.1606  bpp 0.8978  psnr  30.36
 28,200/50,000  loss   2.4691  bpp 0.8822  psnr  29.74  aux    42.67  lr 1.00e-04   2.02 it/s  eta  2.99 h  Y/U/V 31.07/38.73/38.56  chroma 24.7%
 28,400/50,000  loss   2.5447  bpp 0.8983  psnr  29.37  aux    38.74  lr 1.00e-04   2.07 it/s  eta  2.89 h  Y/U/V 30.62/38.70/38.28  chroma 24.6%
 28,600/50,000  loss   2.5655  bpp 0.9002  psnr  29.24  aux    43.31  lr 1.00e-04   2.07 it/s  eta  2.87 h  Y/U/V 30.37/38.74/38.60  chroma 24.3%
 28,800/50,000  loss   2.4864  bpp 0.8867  psnr  29.68  aux    36.52  lr 1.00e-04   2.07 it/s  eta  2.84 h  Y/U/V 31.03/38.46/38.67  chroma 24.4%
 29,000/50,000  loss   2.4962  bpp 0.8877  psnr  29.46  aux    38.78  lr 1.00e-04   2.07 it/s  eta  2.82 h  Y/U/V 30.75/38.63/38.39  chroma 24.4%
 29,200/50,000  loss   2.5389  bpp 0.8926  psnr  29.51  aux    36.11  lr 1.00e-04   2.06 it/s  eta  2.80 h  Y/U/V 30.86/38.42/38.41  chroma 24.5%
 29,400/50,000  loss   2.5242  bpp 0.8972  psnr  29.53  aux    36.21  lr 1.00e-04   2.07 it/s  eta  2.77 h  Y/U/V 30.75/38.61/38.74  chroma 24.6%
 29,600/50,000  loss   2.5055  bpp 0.8934  psnr  29.56  aux    35.53  lr 1.00e-04   2.07 it/s  eta  2.74 h  Y/U/V 30.89/38.62/38.33  chroma 24.6%
 29,800/50,000  loss   2.4755  bpp 0.8865  psnr  29.58  aux    35.46  lr 1.00e-04   2.07 it/s  eta  2.71 h  Y/U/V 30.86/38.67/38.56  chroma 24.7%
 30,000/50,000  loss   2.4779  bpp 0.8974  psnr  29.67  aux    40.68  lr 1.00e-04   2.07 it/s  eta  2.68 h  Y/U/V 30.99/38.55/38.56  chroma 24.5%
        rtcheck  act 0.7041  vs est  +1.53%  vs est_q  -0.17%  (sigma grid +1.71%)  oor y 0.000% z 0.204% (uv y 0.000% z 0.246%)  worst z +18 B (+1.3%)  yhat exact  psnr 36.33  ok
        valid    loss   3.1242  bpp 0.8918  psnr  30.61
 30,200/50,000  loss   2.5662  bpp 0.9097  psnr  29.34  aux    37.96  lr 1.00e-04   2.01 it/s  eta  2.73 h  Y/U/V 30.63/38.39/38.45  chroma 24.5%
 30,400/50,000  loss   2.4755  bpp 0.8939  psnr  29.67  aux    36.67  lr 1.00e-04   2.09 it/s  eta  2.61 h  Y/U/V 30.88/38.85/39.02  chroma 24.5%
 30,600/50,000  loss   2.4450  bpp 0.8864  psnr  29.77  aux    34.16  lr 1.00e-04   2.08 it/s  eta  2.59 h  Y/U/V 31.03/39.03/38.60  chroma 24.7%
 30,800/50,000  loss   2.5508  bpp 0.9089  psnr  29.33  aux    34.84  lr 1.00e-04   2.08 it/s  eta  2.56 h  Y/U/V 30.58/38.41/38.31  chroma 24.5%
 31,000/50,000  loss   2.4317  bpp 0.8853  psnr  29.81  aux    32.99  lr 1.00e-04   2.08 it/s  eta  2.54 h  Y/U/V 30.99/39.07/38.98  chroma 24.4%
 31,200/50,000  loss   2.5118  bpp 0.9042  psnr  29.58  aux    32.40  lr 1.00e-04   2.06 it/s  eta  2.54 h  Y/U/V 30.79/38.67/38.88  chroma 24.6%
 31,400/50,000  loss   2.4839  bpp 0.8946  psnr  29.61  aux    37.37  lr 1.00e-04   2.08 it/s  eta  2.48 h  Y/U/V 30.78/38.70/38.91  chroma 24.6%
 31,600/50,000  loss   2.4890  bpp 0.8977  psnr  29.72  aux    33.69  lr 1.00e-04   2.07 it/s  eta  2.47 h  Y/U/V 30.96/38.68/38.88  chroma 24.5%
 31,800/50,000  loss   2.4732  bpp 0.8975  psnr  29.59  aux    33.61  lr 1.00e-04   2.09 it/s  eta  2.42 h  Y/U/V 30.91/38.45/38.54  chroma 24.6%
 32,000/50,000  loss   2.4878  bpp 0.9059  psnr  29.53  aux    36.23  lr 1.00e-04   2.09 it/s  eta  2.40 h  Y/U/V 30.77/38.85/38.44  chroma 24.7%
        rtcheck  act 0.7241  vs est  +1.89%  vs est_q  -0.33%  (sigma grid +2.23%)  oor y 0.000% z 0.069% (uv y 0.000% z 0.738%)  worst y_uv +15 B (+0.2%)  yhat exact  psnr 35.54  ok
        valid    loss   3.0350  bpp 0.9028  psnr  30.58
 32,200/50,000  loss   2.4499  bpp 0.8948  psnr  29.75  aux    32.11  lr 1.00e-04   2.02 it/s  eta  2.44 h  Y/U/V 30.99/38.76/38.79  chroma 24.6%
 32,400/50,000  loss   2.4210  bpp 0.8960  psnr  29.86  aux    34.08  lr 1.00e-04   2.07 it/s  eta  2.36 h  Y/U/V 31.17/38.82/38.80  chroma 24.7%
 32,600/50,000  loss   2.5134  bpp 0.9055  psnr  29.47  aux    32.29  lr 1.00e-04   2.08 it/s  eta  2.33 h  Y/U/V 30.73/38.58/38.63  chroma 24.6%
 32,800/50,000  loss   2.4879  bpp 0.9052  psnr  29.54  aux    33.40  lr 1.00e-04   2.08 it/s  eta  2.30 h  Y/U/V 30.86/38.49/38.48  chroma 24.7%
 33,000/50,000  loss   2.5126  bpp 0.9172  psnr  29.55  aux    33.73  lr 1.00e-04   2.02 it/s  eta  2.33 h  Y/U/V 30.80/38.62/38.51  chroma 24.5%
 33,200/50,000  loss   2.4643  bpp 0.8946  psnr  29.66  aux    28.40  lr 1.00e-04   2.08 it/s  eta  2.25 h  Y/U/V 30.86/39.02/39.02  chroma 24.6%
 33,400/50,000  loss   2.4291  bpp 0.8893  psnr  29.83  aux    33.37  lr 1.00e-04   2.06 it/s  eta  2.24 h  Y/U/V 31.05/39.07/38.89  chroma 24.8%
 33,600/50,000  loss   2.4365  bpp 0.9045  psnr  29.71  aux    31.40  lr 1.00e-04   2.02 it/s  eta  2.25 h  Y/U/V 31.04/38.74/38.39  chroma 24.8%
 33,800/50,000  loss   2.4432  bpp 0.9057  psnr  29.68  aux    32.06  lr 1.00e-04   2.06 it/s  eta  2.18 h  Y/U/V 31.00/38.69/38.53  chroma 24.6%
 34,000/50,000  loss   2.4463  bpp 0.9084  psnr  29.76  aux    32.27  lr 1.00e-04   2.07 it/s  eta  2.15 h  Y/U/V 31.08/38.79/38.61  chroma 24.4%
        rtcheck  act 0.7118  vs est  +1.84%  vs est_q  -0.18%  (sigma grid +2.03%)  oor y 0.000% z 0.148% (uv y 0.000% z 0.731%)  worst z +14 B (+1.3%)  yhat exact  psnr 35.56  ok
        valid    loss   3.0393  bpp 0.8969  psnr  30.59
 34,200/50,000  loss   2.4460  bpp 0.8973  psnr  29.79  aux    32.03  lr 1.00e-04   2.03 it/s  eta  2.16 h  Y/U/V 31.15/38.71/38.66  chroma 25.0%
 34,400/50,000  loss   2.5061  bpp 0.9029  psnr  29.52  aux    33.43  lr 1.00e-04   2.07 it/s  eta  2.10 h  Y/U/V 30.79/38.55/38.72  chroma 24.7%
 34,600/50,000  loss   2.5091  bpp 0.9105  psnr  29.48  aux    28.67  lr 1.00e-04   2.06 it/s  eta  2.07 h  Y/U/V 30.65/38.74/38.94  chroma 24.5%
 34,800/50,000  loss   2.4351  bpp 0.9052  psnr  29.81  aux    34.15  lr 1.00e-04   2.07 it/s  eta  2.04 h  Y/U/V 31.08/38.70/38.85  chroma 25.0%
 35,000/50,000  loss   2.4383  bpp 0.9054  psnr  29.85  aux    38.37  lr 1.00e-04   2.06 it/s  eta  2.02 h  Y/U/V 31.08/39.10/38.71  chroma 24.7%
 35,200/50,000  loss   2.4264  bpp 0.8996  psnr  29.85  aux    27.90  lr 1.00e-04   2.05 it/s  eta  2.00 h  Y/U/V 31.13/38.89/38.85  chroma 24.8%
 35,400/50,000  loss   2.4466  bpp 0.9077  psnr  29.82  aux    31.33  lr 1.00e-04   2.08 it/s  eta  1.95 h  Y/U/V 31.11/38.75/38.60  chroma 24.8%
 35,600/50,000  loss   2.4499  bpp 0.9042  psnr  29.61  aux    36.26  lr 1.00e-04   2.05 it/s  eta  1.95 h  Y/U/V 30.93/38.67/38.55  chroma 24.9%
 35,800/50,000  loss   2.4616  bpp 0.9096  psnr  29.82  aux    31.35  lr 1.00e-04   2.06 it/s  eta  1.91 h  Y/U/V 31.02/39.22/38.99  chroma 24.6%
 36,000/50,000  loss   2.4656  bpp 0.9041  psnr  29.66  aux    33.85  lr 1.00e-04   2.06 it/s  eta  1.88 h  Y/U/V 30.99/38.67/38.70  chroma 24.6%
        rtcheck  act 0.7083  vs est  +1.62%  vs est_q  -0.20%  (sigma grid +1.82%)  oor y 0.000% z 0.078% (uv y 0.000% z 0.694%)  worst y +7 B (+0.0%)  yhat exact  psnr 36.22  ok
        valid    loss   3.0945  bpp 0.8921  psnr  30.73
 36,200/50,000  loss   2.4643  bpp 0.9067  psnr  29.67  aux    31.85  lr 1.00e-04   2.00 it/s  eta  1.92 h  Y/U/V 30.93/38.84/38.65  chroma 24.9%
 36,400/50,000  loss   2.4489  bpp 0.9160  psnr  29.71  aux    30.31  lr 1.00e-04   2.07 it/s  eta  1.82 h  Y/U/V 31.01/38.67/38.71  chroma 24.9%
 36,600/50,000  loss   2.3876  bpp 0.9016  psnr  29.91  aux    32.47  lr 1.00e-04   2.07 it/s  eta  1.80 h  Y/U/V 31.15/38.91/39.02  chroma 24.6%
 36,800/50,000  loss   2.4570  bpp 0.9062  psnr  29.68  aux    26.56  lr 1.00e-04   2.08 it/s  eta  1.76 h  Y/U/V 31.04/38.55/38.44  chroma 24.6%
 37,000/50,000  loss   2.3782  bpp 0.9059  psnr  29.95  aux    28.52  lr 1.00e-04   2.07 it/s  eta  1.74 h  Y/U/V 31.26/39.00/38.89  chroma 24.9%
 37,200/50,000  loss   2.4336  bpp 0.9040  psnr  29.98  aux    24.96  lr 1.00e-04   2.09 it/s  eta  1.70 h  Y/U/V 31.30/39.01/38.81  chroma 24.8%
 37,400/50,000  loss   2.4848  bpp 0.9242  psnr  29.58  aux    33.06  lr 1.00e-04   2.07 it/s  eta  1.69 h  Y/U/V 30.80/38.74/38.63  chroma 24.6%
 37,600/50,000  loss   2.4240  bpp 0.8989  psnr  29.71  aux    27.36  lr 1.00e-04   2.06 it/s  eta  1.67 h  Y/U/V 30.90/38.95/39.08  chroma 24.7%
 37,800/50,000  loss   2.4411  bpp 0.9144  psnr  29.69  aux    35.00  lr 1.00e-04   2.07 it/s  eta  1.63 h  Y/U/V 30.92/39.01/38.70  chroma 24.4%
 38,000/50,000  loss   2.4736  bpp 0.9162  psnr  29.74  aux    34.05  lr 1.00e-04   2.03 it/s  eta  1.64 h  Y/U/V 31.10/38.65/38.46  chroma 25.0%
        rtcheck  act 0.6949  vs est  +1.00%  vs est_q  -0.12%  (sigma grid +1.12%)  oor y 0.000% z 0.100% (uv y 0.000% z 0.637%)  worst z +20 B (+2.1%)  yhat exact  psnr 35.03  **
        valid    loss   3.0456  bpp 0.8997  psnr  30.68
 38,200/50,000  loss   2.3949  bpp 0.9060  psnr  29.91  aux    30.62  lr 1.00e-04   2.01 it/s  eta  1.63 h  Y/U/V 31.22/38.95/38.68  chroma 24.5%
 38,400/50,000  loss   2.4082  bpp 0.9081  psnr  29.90  aux    34.21  lr 1.00e-04   2.07 it/s  eta  1.56 h  Y/U/V 31.17/39.16/38.90  chroma 25.0%
 38,600/50,000  loss   2.4033  bpp 0.9099  psnr  29.89  aux    27.94  lr 1.00e-04   2.06 it/s  eta  1.54 h  Y/U/V 31.16/38.95/38.84  chroma 24.8%
 38,800/50,000  loss   2.4205  bpp 0.9108  psnr  29.76  aux    33.51  lr 1.00e-04   2.08 it/s  eta  1.49 h  Y/U/V 31.13/38.74/38.42  chroma 24.9%
 39,000/50,000  loss   2.4589  bpp 0.9131  psnr  29.77  aux    24.97  lr 1.00e-04   2.06 it/s  eta  1.48 h  Y/U/V 31.10/38.69/38.68  chroma 24.8%
 39,200/50,000  loss   2.4011  bpp 0.9110  psnr  29.91  aux    29.07  lr 1.00e-04   2.07 it/s  eta  1.45 h  Y/U/V 31.19/38.98/38.91  chroma 24.8%
 39,400/50,000  loss   2.4391  bpp 0.9205  psnr  29.80  aux    29.84  lr 1.00e-04   2.06 it/s  eta  1.43 h  Y/U/V 31.11/38.71/38.82  chroma 24.8%
 39,600/50,000  loss   2.3658  bpp 0.8988  psnr  29.98  aux    28.51  lr 1.00e-04   2.05 it/s  eta  1.41 h  Y/U/V 31.20/39.37/39.05  chroma 24.7%
 39,800/50,000  loss   2.4319  bpp 0.9149  psnr  29.90  aux    30.29  lr 1.00e-04   2.09 it/s  eta  1.36 h  Y/U/V 31.14/39.20/38.91  chroma 24.8%
 40,000/50,000  loss   2.4294  bpp 0.9224  psnr  29.73  aux    31.67  lr 1.00e-04   2.09 it/s  eta  1.33 h  Y/U/V 31.09/38.56/38.41  chroma 24.8%
        rtcheck  act 0.6831  vs est  +0.73%  vs est_q  +0.04%  (sigma grid +0.69%)  oor y 0.000% z 0.100% (uv y 0.000% z 0.680%)  worst z +35 B (+4.2%)  yhat exact  psnr 36.01  **
        valid    loss   3.0353  bpp 0.8939  psnr  30.04
 40,200/50,000  loss   2.3662  bpp 0.9054  psnr  30.04  aux    24.63  lr 1.00e-04   2.03 it/s  eta  1.34 h  Y/U/V 31.34/38.93/38.91  chroma 25.0%
 40,400/50,000  loss   2.4377  bpp 0.9180  psnr  29.82  aux    27.70  lr 1.00e-04   2.09 it/s  eta  1.28 h  Y/U/V 31.08/38.97/38.82  chroma 24.9%
 40,600/50,000  loss   2.4463  bpp 0.9292  psnr  29.70  aux    38.59  lr 1.00e-04   2.09 it/s  eta  1.25 h  Y/U/V 30.91/38.94/38.90  chroma 24.6%
 40,800/50,000  loss   2.3659  bpp 0.9031  psnr  29.89  aux    25.88  lr 1.00e-04   2.09 it/s  eta  1.22 h  Y/U/V 31.31/38.86/38.43  chroma 25.1%
 41,000/50,000  loss   2.4149  bpp 0.9202  psnr  29.84  aux    34.85  lr 1.00e-04   2.09 it/s  eta  1.20 h  Y/U/V 31.12/38.91/38.74  chroma 24.9%
 41,200/50,000  loss   2.3861  bpp 0.9118  psnr  29.94  aux    26.74  lr 1.00e-04   2.09 it/s  eta  1.17 h  Y/U/V 31.21/39.16/39.00  chroma 24.7%
 41,400/50,000  loss   2.3989  bpp 0.9163  psnr  29.98  aux    30.83  lr 1.00e-04   2.09 it/s  eta  1.14 h  Y/U/V 31.29/39.06/38.85  chroma 25.1%
 41,600/50,000  loss   2.3806  bpp 0.9131  psnr  29.96  aux    25.45  lr 1.00e-04   2.04 it/s  eta  1.14 h  Y/U/V 31.28/38.93/38.90  chroma 24.8%
 41,800/50,000  loss   2.4222  bpp 0.9150  psnr  29.83  aux    31.03  lr 1.00e-04   2.07 it/s  eta  1.10 h  Y/U/V 31.14/38.72/38.75  chroma 25.1%
 42,000/50,000  loss   2.3896  bpp 0.9190  psnr  29.96  aux    29.85  lr 1.00e-04   2.07 it/s  eta  1.07 h  Y/U/V 31.31/38.84/38.75  chroma 24.7%
        rtcheck  act 0.6906  vs est  +1.57%  vs est_q  +0.03%  (sigma grid +1.55%)  oor y 0.000% z 0.052% (uv y 0.000% z 0.593%)  worst z +11 B (+0.8%)  yhat exact  psnr 36.39  ok
        valid    loss   3.0127  bpp 0.8930  psnr  30.40
 42,200/50,000  loss   2.4287  bpp 0.9234  psnr  29.85  aux    28.84  lr 1.00e-04   2.00 it/s  eta  1.08 h  Y/U/V 31.08/38.98/38.93  chroma 24.6%
 42,400/50,000  loss   2.3480  bpp 0.9113  psnr  30.16  aux    30.98  lr 1.00e-04   2.07 it/s  eta  1.02 h  Y/U/V 31.47/39.22/39.02  chroma 25.0%
 42,600/50,000  loss   2.4067  bpp 0.9150  psnr  29.90  aux    30.32  lr 1.00e-04   2.06 it/s  eta  1.00 h  Y/U/V 31.18/39.11/38.73  chroma 24.9%
 42,800/50,000  loss   2.4150  bpp 0.9214  psnr  29.92  aux    29.87  lr 1.00e-04   2.06 it/s  eta  0.97 h  Y/U/V 31.21/38.87/38.98  chroma 24.7%
 43,000/50,000  loss   2.3324  bpp 0.9096  psnr  30.19  aux    24.32  lr 1.00e-04   2.06 it/s  eta  0.94 h  Y/U/V 31.47/39.26/39.19  chroma 24.8%
 43,200/50,000  loss   2.4120  bpp 0.9263  psnr  29.84  aux    29.45  lr 1.00e-04   2.06 it/s  eta  0.92 h  Y/U/V 31.24/38.78/38.55  chroma 25.1%
 43,400/50,000  loss   2.3751  bpp 0.9159  psnr  29.97  aux    24.24  lr 1.00e-04   2.05 it/s  eta  0.89 h  Y/U/V 31.29/38.89/38.84  chroma 25.0%
 43,600/50,000  loss   2.3355  bpp 0.9141  psnr  30.15  aux    35.01  lr 1.00e-04   2.04 it/s  eta  0.87 h  Y/U/V 31.47/39.07/39.10  chroma 24.8%
 43,800/50,000  loss   2.4042  bpp 0.9289  psnr  29.91  aux    30.75  lr 1.00e-04   2.08 it/s  eta  0.83 h  Y/U/V 31.11/39.02/39.19  chroma 24.7%
 44,000/50,000  loss   2.3982  bpp 0.9166  psnr  30.00  aux    24.45  lr 1.00e-04   2.09 it/s  eta  0.80 h  Y/U/V 31.32/38.81/38.79  chroma 25.1%
        rtcheck  act 0.7146  vs est  +1.74%  vs est_q  -0.19%  (sigma grid +1.94%)  oor y 0.000% z 0.039% (uv y 0.000% z 0.521%)  worst y +13 B (+0.0%)  yhat exact  psnr 34.86  ok
        valid    loss   2.9932  bpp 0.9084  psnr  30.36
 44,200/50,000  loss   2.4308  bpp 0.9334  psnr  29.84  aux    25.59  lr 1.00e-04   2.02 it/s  eta  0.80 h  Y/U/V 31.32/38.62/38.34  chroma 25.0%
 44,400/50,000  loss   2.3617  bpp 0.9141  psnr  30.00  aux    30.65  lr 1.00e-04   2.07 it/s  eta  0.75 h  Y/U/V 31.32/39.08/38.92  chroma 24.8%
 44,600/50,000  loss   2.3529  bpp 0.9159  psnr  30.05  aux    31.71  lr 1.00e-04   2.08 it/s  eta  0.72 h  Y/U/V 31.32/39.13/38.87  chroma 24.9%
 44,800/50,000  loss   2.3807  bpp 0.9192  psnr  30.00  aux    28.22  lr 1.00e-04   2.06 it/s  eta  0.70 h  Y/U/V 31.31/38.91/39.05  chroma 24.9%
 45,000/50,000  loss   2.3905  bpp 0.9248  psnr  29.96  aux    27.77  lr 1.00e-04   2.08 it/s  eta  0.67 h  Y/U/V 31.34/38.90/38.91  chroma 24.9%
 45,200/50,000  loss   2.3859  bpp 0.9164  psnr  29.89  aux    27.59  lr 9.96e-05   2.07 it/s  eta  0.64 h  Y/U/V 31.17/38.85/38.99  chroma 25.1%
 45,400/50,000  loss   2.3491  bpp 0.9269  psnr  30.14  aux    29.31  lr 9.86e-05   2.07 it/s  eta  0.62 h  Y/U/V 31.57/38.93/38.84  chroma 24.9%
 45,600/50,000  loss   2.3694  bpp 0.9220  psnr  30.00  aux    31.48  lr 9.69e-05   2.09 it/s  eta  0.59 h  Y/U/V 31.28/39.11/39.02  chroma 24.8%
 45,800/50,000  loss   2.4148  bpp 0.9279  psnr  29.99  aux    27.41  lr 9.44e-05   2.06 it/s  eta  0.57 h  Y/U/V 31.23/39.13/38.99  chroma 25.1%
 46,000/50,000  loss   2.2680  bpp 0.9145  psnr  30.41  aux    24.90  lr 9.14e-05   2.06 it/s  eta  0.54 h  Y/U/V 31.74/39.27/39.29  chroma 25.0%
        rtcheck  act 0.7003  vs est  +0.88%  vs est_q  +0.05%  (sigma grid +0.83%)  oor y 0.000% z 0.074% (uv y 0.000% z 0.535%)  worst z +34 B (+3.6%)  yhat exact  psnr 35.66  **
        valid    loss   3.0351  bpp 0.9089  psnr  30.71
 46,200/50,000  loss   2.3727  bpp 0.9250  psnr  29.94  aux    24.87  lr 8.78e-05   2.02 it/s  eta  0.52 h  Y/U/V 31.30/38.83/38.68  chroma 25.0%
 46,400/50,000  loss   2.3396  bpp 0.9240  psnr  30.10  aux    22.29  lr 8.37e-05   2.08 it/s  eta  0.48 h  Y/U/V 31.38/39.24/39.07  chroma 24.5%
 46,600/50,000  loss   2.3363  bpp 0.9279  psnr  30.07  aux    28.00  lr 7.91e-05   2.07 it/s  eta  0.46 h  Y/U/V 31.35/39.15/39.10  chroma 24.9%
 46,800/50,000  loss   2.3427  bpp 0.9371  psnr  30.20  aux    27.92  lr 7.42e-05   2.08 it/s  eta  0.43 h  Y/U/V 31.50/39.09/39.19  chroma 25.1%
 47,000/50,000  loss   2.2802  bpp 0.9209  psnr  30.30  aux    21.50  lr 6.89e-05   2.09 it/s  eta  0.40 h  Y/U/V 31.53/39.58/39.41  chroma 24.8%
 47,200/50,000  loss   2.2641  bpp 0.9137  psnr  30.32  aux    18.33  lr 6.35e-05   2.09 it/s  eta  0.37 h  Y/U/V 31.52/39.58/39.46  chroma 24.8%
 47,400/50,000  loss   2.3062  bpp 0.9320  psnr  30.17  aux    17.61  lr 5.79e-05   2.09 it/s  eta  0.34 h  Y/U/V 31.40/39.14/39.23  chroma 24.9%
 47,600/50,000  loss   2.2925  bpp 0.9313  psnr  30.29  aux    16.22  lr 5.22e-05   2.09 it/s  eta  0.32 h  Y/U/V 31.56/39.34/39.35  chroma 24.8%
 47,800/50,000  loss   2.2068  bpp 0.9123  psnr  30.51  aux    13.80  lr 4.66e-05   2.10 it/s  eta  0.29 h  Y/U/V 31.68/39.83/39.85  chroma 24.8%
 48,000/50,000  loss   2.2392  bpp 0.9264  psnr  30.49  aux    12.23  lr 4.11e-05   2.09 it/s  eta  0.27 h  Y/U/V 31.73/39.81/39.61  chroma 24.8%
        rtcheck  act 0.7188  vs est  +1.43%  vs est_q  -0.01%  (sigma grid +1.44%)  oor y 0.000% z 0.035% (uv y 0.000% z 0.550%)  worst z +13 B (+1.0%)  yhat exact  psnr 37.04  ok
        valid    loss   2.7597  bpp 0.9193  psnr  31.67
 48,200/50,000  loss   2.2296  bpp 0.9266  psnr  30.40  aux    12.30  lr 3.59e-05   2.04 it/s  eta  0.25 h  Y/U/V 31.59/39.60/39.78  chroma 24.8%
 48,400/50,000  loss   2.1821  bpp 0.9173  psnr  30.75  aux    11.80  lr 3.09e-05   2.10 it/s  eta  0.21 h  Y/U/V 31.96/39.94/39.93  chroma 25.0%
 48,600/50,000  loss   2.2639  bpp 0.9375  psnr  30.41  aux    11.51  lr 2.63e-05   2.10 it/s  eta  0.19 h  Y/U/V 31.62/39.49/39.76  chroma 24.8%
 48,800/50,000  loss   2.2016  bpp 0.9332  psnr  30.60  aux    11.18  lr 2.22e-05   2.10 it/s  eta  0.16 h  Y/U/V 31.78/39.99/39.94  chroma 24.6%
 49,000/50,000  loss   2.2250  bpp 0.9330  psnr  30.55  aux    10.62  lr 1.86e-05   2.10 it/s  eta  0.13 h  Y/U/V 31.68/39.95/40.02  chroma 24.4%
 49,200/50,000  loss   2.2094  bpp 0.9314  psnr  30.52  aux    10.38  lr 1.56e-05   2.10 it/s  eta  0.11 h  Y/U/V 31.69/39.78/39.82  chroma 25.0%
 49,400/50,000  loss   2.1929  bpp 0.9297  psnr  30.65  aux    10.20  lr 1.32e-05   2.10 it/s  eta  0.08 h  Y/U/V 31.86/39.86/39.87  chroma 24.9%
 49,600/50,000  loss   2.1485  bpp 0.9272  psnr  30.75  aux     9.99  lr 1.14e-05   2.10 it/s  eta  0.05 h  Y/U/V 31.93/40.01/40.11  chroma 24.7%
 49,800/50,000  loss   2.1884  bpp 0.9336  psnr  30.54  aux     9.75  lr 1.04e-05   2.09 it/s  eta  0.03 h  Y/U/V 31.74/39.74/39.79  chroma 24.8%
 50,000/50,000  loss   2.1698  bpp 0.9283  psnr  30.66  aux     9.55  lr 1.00e-05   2.10 it/s  eta  0.00 h  Y/U/V 31.81/39.98/40.06  chroma 24.7%
        rtcheck  act 0.7225  vs est  +1.68%  vs est_q  +0.28%  (sigma grid +1.39%)  oor y 0.000% z 0.065% (uv y 0.000% z 1.606%)  worst z_uv +104 B (+4.9%)  yhat exact  psnr 37.27  **
        valid    loss   2.6922  bpp 0.9303  psnr  31.80

final    bpp 0.9303  psnr 31.80
gate     actual 0.7225 bpp
         vs estimate with quantised sigma: +0.28%   <- the coder/table gate, target +-0.5%
         vs estimate the loss saw:         +1.68%   (of which +1.39% is the 32-level sigma grid)
         out of table range: y 0.000%  z 0.065%
         per stream (bytes vs that stream's own estimate): y +0.02% (+9.1 B)  y_uv +0.14% (+12.7 B)  z +2.02% (+23.4 B)  z_uv +4.94% (+104.5 B)
         ** z_uv disagrees with its own table by +104 B (+4.9%) -- the coder is faithful to a table that is not the density the rate loss was trained against
         yhat bit-exact through the coder: True
wrote    checkpoints/ladder_p5/beta0.012/final.pt
[3/5] beta 0.03 (lambda*255^2 = 1951)  warm start
----------------------------------------------------------------------
resumed warmstart.pt at step 0

run      ladder_p5/beta0.03
device   mps (Apple Metal)
beta     0.03  (== compressai lambda*255^2 1951)
steps    0 -> 50,000   batch 8  crop 256
out      checkpoints/ladder_p5/beta0.03

TwoBranchCodec  internal 420  split-hyper  luma=160/160  chroma=96/96  concat=256
  part                    params   kMAC/pxl
  g_a_y                2,051,840       47.8
  g_s_y                2,180,513      254.0
  h_a_y                1,152,800        1.5
  h_s_y                2,075,040        1.4
  g_a_uv               1,241,248       14.6
  g_s_uv               1,801,954       66.4
  h_a_uv                 415,200        0.5
  h_s_uv                 747,360        0.5
  eb_y                     9,760           
  eb_uv                    5,856           
  h_scale_y              642,720        0.2
  h_scale_uv             232,032        0.1
  TOTAL               12,556,323      386.8   (47.9 MiB fp32)
  decoder                             322.4   <- compare to paper SOP 8 / BOP 28 / HOP 215
  tables               271.2 KiB

    200/50,000  loss   4.0421  bpp 0.9542  psnr  30.69  aux    10.13  lr 2.00e-05   2.04 it/s  eta  6.77 h  Y/U/V 31.87/40.05/39.96  chroma 24.7%
    400/50,000  loss   4.0002  bpp 1.0037  psnr  30.72  aux     9.78  lr 4.00e-05   2.10 it/s  eta  6.58 h  Y/U/V 31.89/40.03/40.00  chroma 24.3%
    600/50,000  loss   4.0883  bpp 1.0358  psnr  30.61  aux    11.96  lr 6.00e-05   2.09 it/s  eta  6.55 h  Y/U/V 31.83/39.70/39.90  chroma 24.1%
    800/50,000  loss   4.2591  bpp 1.0518  psnr  30.42  aux    13.84  lr 8.00e-05   2.10 it/s  eta  6.52 h  Y/U/V 31.72/39.36/39.33  chroma 24.4%
  1,000/50,000  loss   4.3153  bpp 1.0605  psnr  30.30  aux    21.03  lr 1.00e-04   2.09 it/s  eta  6.50 h  Y/U/V 31.69/39.03/39.27  chroma 24.4%
  1,200/50,000  loss   4.3874  bpp 1.0815  psnr  30.25  aux    32.93  lr 1.00e-04   2.09 it/s  eta  6.47 h  Y/U/V 31.54/39.45/39.20  chroma 24.2%
  1,400/50,000  loss   4.2497  bpp 1.0659  psnr  30.49  aux    27.52  lr 1.00e-04   2.09 it/s  eta  6.45 h  Y/U/V 31.87/39.43/39.15  chroma 24.5%
  1,600/50,000  loss   4.3450  bpp 1.0889  psnr  30.25  aux    30.94  lr 1.00e-04   2.09 it/s  eta  6.42 h  Y/U/V 31.70/38.90/38.95  chroma 24.5%
  1,800/50,000  loss   4.4558  bpp 1.0855  psnr  30.02  aux    26.31  lr 1.00e-04   2.09 it/s  eta  6.39 h  Y/U/V 31.54/38.61/38.47  chroma 24.7%
  2,000/50,000  loss   4.2965  bpp 1.0902  psnr  30.45  aux    42.92  lr 1.00e-04   2.09 it/s  eta  6.37 h  Y/U/V 31.75/39.58/39.44  chroma 24.5%
        rtcheck  act 0.8437  vs est  +1.56%  vs est_q  -0.03%  (sigma grid +1.59%)  oor y 0.000% z 0.004% (uv y 0.000% z 0.535%)  worst y +13 B (+0.0%)  yhat exact  psnr 36.99  ok
        valid    loss   5.8432  bpp 1.0832  psnr  31.52
  2,200/50,000  loss   4.4225  bpp 1.1152  psnr  30.14  aux    38.27  lr 1.00e-04   2.04 it/s  eta  6.52 h  Y/U/V 31.47/39.19/39.02  chroma 24.4%
  2,400/50,000  loss   4.2650  bpp 1.0993  psnr  30.48  aux    25.83  lr 1.00e-04   2.10 it/s  eta  6.31 h  Y/U/V 31.97/39.15/39.01  chroma 24.3%
  2,600/50,000  loss   4.2701  bpp 1.1036  psnr  30.44  aux    34.48  lr 1.00e-04   2.09 it/s  eta  6.29 h  Y/U/V 31.84/39.25/39.31  chroma 24.5%
  2,800/50,000  loss   4.2041  bpp 1.1031  psnr  30.49  aux    30.72  lr 1.00e-04   2.09 it/s  eta  6.26 h  Y/U/V 31.83/39.35/39.23  chroma 24.5%
  3,000/50,000  loss   4.2760  bpp 1.1081  psnr  30.43  aux    34.13  lr 1.00e-04   2.09 it/s  eta  6.24 h  Y/U/V 31.70/39.55/39.45  chroma 24.3%
  3,200/50,000  loss   4.4754  bpp 1.1343  psnr  30.20  aux    32.04  lr 1.00e-04   2.09 it/s  eta  6.21 h  Y/U/V 31.71/38.79/38.57  chroma 24.5%
  3,400/50,000  loss   4.3740  bpp 1.1300  psnr  30.38  aux    36.18  lr 1.00e-04   2.09 it/s  eta  6.18 h  Y/U/V 31.64/39.48/39.39  chroma 24.3%
  3,600/50,000  loss   4.2744  bpp 1.1288  psnr  30.41  aux    31.54  lr 1.00e-04   2.08 it/s  eta  6.20 h  Y/U/V 31.73/39.23/39.45  chroma 24.3%
  3,800/50,000  loss   4.3725  bpp 1.1159  psnr  30.33  aux    28.17  lr 1.00e-04   2.05 it/s  eta  6.26 h  Y/U/V 31.78/38.99/39.08  chroma 24.7%
  4,000/50,000  loss   4.1590  bpp 1.1181  psnr  30.72  aux    36.00  lr 1.00e-04   2.07 it/s  eta  6.19 h  Y/U/V 32.16/39.62/39.27  chroma 24.9%
        rtcheck  act 0.8682  vs est  +1.48%  vs est_q  -0.02%  (sigma grid +1.50%)  oor y 0.001% z 0.013% (uv y 0.000% z 0.499%)  worst z +12 B (+1.1%)  yhat exact  psnr 37.06  ok
        valid    loss   5.7259  bpp 1.1155  psnr  31.61
  4,200/50,000  loss   4.2889  bpp 1.1396  psnr  30.47  aux    28.03  lr 1.00e-04   2.00 it/s  eta  6.38 h  Y/U/V 31.86/39.33/39.13  chroma 24.9%
  4,400/50,000  loss   4.3753  bpp 1.1228  psnr  30.25  aux    25.49  lr 1.00e-04   2.06 it/s  eta  6.16 h  Y/U/V 31.59/39.31/39.09  chroma 24.6%
  4,600/50,000  loss   4.3281  bpp 1.1388  psnr  30.26  aux    28.20  lr 1.00e-04   2.06 it/s  eta  6.12 h  Y/U/V 31.66/39.08/39.18  chroma 24.3%
  4,800/50,000  loss   4.1297  bpp 1.1198  psnr  30.73  aux    31.69  lr 1.00e-04   2.07 it/s  eta  6.07 h  Y/U/V 32.20/39.52/39.29  chroma 24.8%
  5,000/50,000  loss   4.4767  bpp 1.1610  psnr  30.08  aux    38.00  lr 1.00e-04   2.07 it/s  eta  6.03 h  Y/U/V 31.46/38.87/39.13  chroma 24.3%
  5,200/50,000  loss   4.2083  bpp 1.1336  psnr  30.55  aux    30.97  lr 1.00e-04   2.08 it/s  eta  6.00 h  Y/U/V 31.98/39.39/39.05  chroma 24.8%
  5,400/50,000  loss   4.3151  bpp 1.1369  psnr  30.39  aux    27.76  lr 1.00e-04   2.06 it/s  eta  6.03 h  Y/U/V 31.86/39.08/39.02  chroma 25.1%
  5,600/50,000  loss   4.1437  bpp 1.1295  psnr  30.69  aux    30.39  lr 1.00e-04   2.07 it/s  eta  5.95 h  Y/U/V 32.11/39.59/39.33  chroma 24.6%
  5,800/50,000  loss   4.3739  bpp 1.1519  psnr  30.25  aux    28.58  lr 1.00e-04   2.08 it/s  eta  5.91 h  Y/U/V 31.77/38.79/38.66  chroma 24.8%
  6,000/50,000  loss   4.2649  bpp 1.1400  psnr  30.55  aux    33.66  lr 1.00e-04   2.07 it/s  eta  5.91 h  Y/U/V 31.98/39.25/39.34  chroma 24.7%
        rtcheck  act 0.8848  vs est  +1.52%  vs est_q  +0.06%  (sigma grid +1.46%)  oor y 0.001% z 0.000% (uv y 0.000% z 0.521%)  worst z_uv +13 B (+0.8%)  yhat exact  psnr 36.54  ok
        valid    loss   5.8200  bpp 1.1493  psnr  31.35
  6,200/50,000  loss   4.2256  bpp 1.1495  psnr  30.54  aux    31.34  lr 1.00e-04   2.01 it/s  eta  6.07 h  Y/U/V 31.94/39.50/39.27  chroma 24.7%
  6,400/50,000  loss   4.1646  bpp 1.1508  psnr  30.62  aux    30.99  lr 1.00e-04   2.07 it/s  eta  5.84 h  Y/U/V 32.01/39.55/39.42  chroma 24.8%
  6,600/50,000  loss   4.2796  bpp 1.1568  psnr  30.36  aux    29.71  lr 1.00e-04   2.07 it/s  eta  5.83 h  Y/U/V 31.73/39.50/39.18  chroma 24.7%
  6,800/50,000  loss   4.1751  bpp 1.1385  psnr  30.63  aux    25.00  lr 1.00e-04   2.06 it/s  eta  5.84 h  Y/U/V 32.11/39.26/39.30  chroma 24.8%
  7,000/50,000  loss   4.2160  bpp 1.1652  psnr  30.51  aux    25.35  lr 1.00e-04   2.04 it/s  eta  5.84 h  Y/U/V 31.95/39.12/39.19  chroma 24.7%
  7,200/50,000  loss   4.2792  bpp 1.1528  psnr  30.51  aux    27.30  lr 1.00e-04   2.06 it/s  eta  5.78 h  Y/U/V 31.92/39.32/39.20  chroma 24.9%
  7,400/50,000  loss   4.2109  bpp 1.1613  psnr  30.58  aux    29.68  lr 1.00e-04   2.08 it/s  eta  5.69 h  Y/U/V 31.95/39.53/39.42  chroma 24.7%
  7,600/50,000  loss   4.1329  bpp 1.1443  psnr  30.71  aux    27.56  lr 1.00e-04   2.05 it/s  eta  5.74 h  Y/U/V 32.15/39.47/39.29  chroma 25.0%
  7,800/50,000  loss   4.2201  bpp 1.1557  psnr  30.46  aux    29.48  lr 1.00e-04   2.07 it/s  eta  5.68 h  Y/U/V 31.93/38.99/39.12  chroma 24.9%
  8,000/50,000  loss   4.2732  bpp 1.1700  psnr  30.41  aux    28.48  lr 1.00e-04   2.06 it/s  eta  5.65 h  Y/U/V 31.78/39.34/39.18  chroma 24.9%
        rtcheck  act 0.9061  vs est  +1.19%  vs est_q  -0.11%  (sigma grid +1.31%)  oor y 0.001% z 0.000% (uv y 0.000% z 0.420%)  worst y_uv +15 B (+0.1%)  yhat exact  psnr 37.08  ok
        valid    loss   5.3935  bpp 1.1631  psnr  31.56
  8,200/50,000  loss   4.1775  bpp 1.1622  psnr  30.63  aux    31.82  lr 1.00e-04   2.01 it/s  eta  5.77 h  Y/U/V 32.07/39.26/39.36  chroma 24.8%
  8,400/50,000  loss   4.0076  bpp 1.1360  psnr  31.00  aux    20.82  lr 1.00e-04   2.08 it/s  eta  5.55 h  Y/U/V 32.49/39.81/39.31  chroma 25.1%
  8,600/50,000  loss   4.3825  bpp 1.1906  psnr  30.31  aux    34.62  lr 1.00e-04   2.08 it/s  eta  5.52 h  Y/U/V 31.66/39.09/39.16  chroma 24.7%
  8,800/50,000  loss   4.2301  bpp 1.1690  psnr  30.54  aux    28.91  lr 1.00e-04   2.08 it/s  eta  5.49 h  Y/U/V 31.95/39.30/39.46  chroma 24.9%
  9,000/50,000  loss   4.1522  bpp 1.1552  psnr  30.79  aux    19.56  lr 1.00e-04   2.08 it/s  eta  5.47 h  Y/U/V 32.24/39.41/39.31  chroma 25.2%
  9,200/50,000  loss   4.1556  bpp 1.1594  psnr  30.69  aux    24.34  lr 1.00e-04   2.08 it/s  eta  5.45 h  Y/U/V 32.01/39.59/39.53  chroma 25.0%
  9,400/50,000  loss   4.2668  bpp 1.1846  psnr  30.51  aux    37.28  lr 1.00e-04   2.06 it/s  eta  5.48 h  Y/U/V 32.07/39.11/38.88  chroma 25.0%
  9,600/50,000  loss   4.1730  bpp 1.1743  psnr  30.68  aux    28.90  lr 1.00e-04   2.05 it/s  eta  5.48 h  Y/U/V 32.16/39.33/39.45  chroma 24.8%
  9,800/50,000  loss   4.1999  bpp 1.1600  psnr  30.59  aux    22.80  lr 1.00e-04   2.08 it/s  eta  5.36 h  Y/U/V 32.06/39.23/39.20  chroma 25.1%
 10,000/50,000  loss   4.0830  bpp 1.1654  psnr  30.77  aux    26.76  lr 1.00e-04   2.08 it/s  eta  5.33 h  Y/U/V 32.19/39.52/39.40  chroma 25.0%
        rtcheck  act 0.8877  vs est  +0.73%  vs est_q  +0.12%  (sigma grid +0.61%)  oor y 0.001% z 0.000% (uv y 0.000% z 0.499%)  worst z_uv +52 B (+3.4%)  yhat exact  psnr 37.45  **
        valid    loss   5.3775  bpp 1.1568  psnr  31.94
 10,200/50,000  loss   4.2422  bpp 1.1960  psnr  30.54  aux    36.52  lr 1.00e-04   2.03 it/s  eta  5.46 h  Y/U/V 32.00/39.31/39.02  chroma 24.8%
 10,400/50,000  loss   4.1152  bpp 1.1632  psnr  30.80  aux    27.75  lr 1.00e-04   2.07 it/s  eta  5.30 h  Y/U/V 32.17/39.59/39.71  chroma 25.0%
 10,600/50,000  loss   4.1827  bpp 1.1710  psnr  30.60  aux    27.45  lr 1.00e-04   2.07 it/s  eta  5.29 h  Y/U/V 31.98/39.39/39.45  chroma 25.0%
 10,800/50,000  loss   4.2136  bpp 1.1766  psnr  30.50  aux    20.72  lr 1.00e-04   2.09 it/s  eta  5.20 h  Y/U/V 32.06/38.83/38.97  chroma 25.4%
 11,000/50,000  loss   4.1710  bpp 1.1755  psnr  30.80  aux    24.07  lr 1.00e-04   2.09 it/s  eta  5.17 h  Y/U/V 32.18/39.73/39.57  chroma 24.9%
 11,200/50,000  loss   4.1478  bpp 1.1752  psnr  30.73  aux    28.63  lr 1.00e-04   2.07 it/s  eta  5.21 h  Y/U/V 32.14/39.52/39.65  chroma 25.1%
 11,400/50,000  loss   4.0590  bpp 1.1687  psnr  30.86  aux    23.96  lr 1.00e-04   2.06 it/s  eta  5.19 h  Y/U/V 32.25/39.80/39.68  chroma 24.9%
 11,600/50,000  loss   4.1572  bpp 1.1866  psnr  30.65  aux    27.72  lr 1.00e-04   2.07 it/s  eta  5.16 h  Y/U/V 32.06/39.38/39.28  chroma 25.2%
 11,800/50,000  loss   4.1872  bpp 1.1842  psnr  30.56  aux    23.02  lr 1.00e-04   2.06 it/s  eta  5.14 h  Y/U/V 32.04/39.23/39.21  chroma 25.1%
 12,000/50,000  loss   4.1168  bpp 1.1768  psnr  30.71  aux    27.10  lr 1.00e-04   2.07 it/s  eta  5.10 h  Y/U/V 32.20/39.12/39.26  chroma 25.3%
        rtcheck  act 0.9135  vs est  -0.23%  vs est_q  -0.23%  (sigma grid +0.00%)  oor y 0.001% z 0.000% (uv y 0.000% z 0.246%)  worst y_uv +16 B (+0.1%)  yhat exact  psnr 37.50  ok
        valid    loss   5.3961  bpp 1.1982  psnr  32.11
 12,200/50,000  loss   4.1018  bpp 1.1933  psnr  30.82  aux    32.19  lr 1.00e-04   2.01 it/s  eta  5.22 h  Y/U/V 32.22/39.82/39.42  chroma 25.1%
 12,400/50,000  loss   4.0454  bpp 1.1786  psnr  30.90  aux    32.88  lr 1.00e-04   2.06 it/s  eta  5.08 h  Y/U/V 32.31/39.65/39.51  chroma 25.1%
 12,600/50,000  loss   4.2060  bpp 1.1902  psnr  30.53  aux    20.30  lr 1.00e-04   2.08 it/s  eta  4.99 h  Y/U/V 32.07/38.89/39.27  chroma 25.4%
 12,800/50,000  loss   4.1077  bpp 1.1796  psnr  30.71  aux    25.67  lr 1.00e-04   2.07 it/s  eta  4.99 h  Y/U/V 32.12/39.56/39.51  chroma 25.1%
 13,000/50,000  loss   4.1698  bpp 1.2018  psnr  30.61  aux    23.84  lr 1.00e-04   2.08 it/s  eta  4.94 h  Y/U/V 32.09/39.18/39.19  chroma 25.3%
 13,200/50,000  loss   4.0936  bpp 1.1744  psnr  30.75  aux    21.80  lr 1.00e-04   2.03 it/s  eta  5.03 h  Y/U/V 32.36/39.23/39.06  chroma 25.3%
 13,400/50,000  loss   4.1737  bpp 1.1946  psnr  30.61  aux    26.23  lr 1.00e-04   2.06 it/s  eta  4.93 h  Y/U/V 31.94/39.53/39.49  chroma 25.0%
 13,600/50,000  loss   4.1296  bpp 1.1817  psnr  30.83  aux    28.14  lr 1.00e-04   2.00 it/s  eta  5.05 h  Y/U/V 32.23/39.73/39.60  chroma 24.9%
 13,800/50,000  loss   4.1815  bpp 1.1983  psnr  30.68  aux    31.35  lr 1.00e-04   2.07 it/s  eta  4.87 h  Y/U/V 32.18/39.32/39.17  chroma 25.2%
 14,000/50,000  loss   4.0844  bpp 1.1836  psnr  30.80  aux    25.77  lr 1.00e-04   2.04 it/s  eta  4.90 h  Y/U/V 32.24/39.44/39.40  chroma 25.3%
        rtcheck  act 0.9127  vs est  +1.29%  vs est_q  +0.12%  (sigma grid +1.17%)  oor y 0.000% z 0.000% (uv y 0.000% z 0.991%)  worst z_uv +47 B (+2.7%)  yhat exact  psnr 37.84  **
        valid    loss   5.2598  bpp 1.1772  psnr  32.12
 14,200/50,000  loss   3.9917  bpp 1.1848  psnr  30.97  aux    35.36  lr 1.00e-04   1.97 it/s  eta  5.05 h  Y/U/V 32.46/39.70/39.64  chroma 25.4%
 14,400/50,000  loss   4.1745  bpp 1.1938  psnr  30.57  aux    29.31  lr 1.00e-04   2.07 it/s  eta  4.79 h  Y/U/V 31.91/39.36/39.38  chroma 25.1%
 14,600/50,000  loss   4.0972  bpp 1.1967  psnr  30.82  aux    32.65  lr 1.00e-04   2.06 it/s  eta  4.76 h  Y/U/V 32.23/39.54/39.81  chroma 25.2%
 14,800/50,000  loss   4.1407  bpp 1.1948  psnr  30.81  aux    25.89  lr 1.00e-04   2.05 it/s  eta  4.77 h  Y/U/V 32.37/39.42/39.05  chroma 25.5%
 15,000/50,000  loss   4.0363  bpp 1.1848  psnr  30.89  aux    25.14  lr 1.00e-04   2.05 it/s  eta  4.75 h  Y/U/V 32.32/39.68/39.55  chroma 25.0%
 15,200/50,000  loss   4.1132  bpp 1.2079  psnr  30.71  aux    31.43  lr 1.00e-04   2.06 it/s  eta  4.69 h  Y/U/V 32.16/39.38/39.24  chroma 25.4%
 15,400/50,000  loss   4.0864  bpp 1.1901  psnr  30.69  aux    21.37  lr 1.00e-04   1.99 it/s  eta  4.84 h  Y/U/V 32.28/39.12/39.18  chroma 25.4%
 15,600/50,000  loss   3.9700  bpp 1.1827  psnr  31.05  aux    23.60  lr 1.00e-04   2.08 it/s  eta  4.59 h  Y/U/V 32.44/39.69/39.92  chroma 25.2%
 15,800/50,000  loss   4.1368  bpp 1.2071  psnr  30.71  aux    29.53  lr 1.00e-04   2.10 it/s  eta  4.53 h  Y/U/V 32.17/39.41/39.36  chroma 25.4%
 16,000/50,000  loss   4.1488  bpp 1.2047  psnr  30.49  aux    28.76  lr 1.00e-04   2.10 it/s  eta  4.50 h  Y/U/V 32.05/39.05/38.90  chroma 25.1%
        rtcheck  act 0.9297  vs est  +1.37%  vs est_q  +0.07%  (sigma grid +1.30%)  oor y 0.000% z 0.000% (uv y 0.000% z 0.919%)  worst y +17 B (+0.0%)  yhat exact  psnr 37.90  ok
        valid    loss   5.2800  bpp 1.2018  psnr  31.77
 16,200/50,000  loss   4.0149  bpp 1.1897  psnr  30.92  aux    26.59  lr 1.00e-04   2.04 it/s  eta  4.60 h  Y/U/V 32.38/39.62/39.71  chroma 25.4%
 16,400/50,000  loss   4.1769  bpp 1.2193  psnr  30.58  aux    28.51  lr 1.00e-04   2.10 it/s  eta  4.45 h  Y/U/V 32.05/39.09/39.19  chroma 25.3%
 16,600/50,000  loss   4.0476  bpp 1.2099  psnr  30.86  aux    33.12  lr 1.00e-04   2.10 it/s  eta  4.42 h  Y/U/V 32.25/39.73/39.53  chroma 25.0%
 16,800/50,000  loss   3.9697  bpp 1.1892  psnr  31.07  aux    28.06  lr 1.00e-04   2.10 it/s  eta  4.40 h  Y/U/V 32.55/39.79/39.67  chroma 25.5%
 17,000/50,000  loss   4.1497  bpp 1.2107  psnr  30.65  aux    25.05  lr 1.00e-04   2.10 it/s  eta  4.37 h  Y/U/V 32.33/38.98/38.86  chroma 25.4%
 17,200/50,000  loss   4.0169  bpp 1.2063  psnr  30.93  aux    29.91  lr 1.00e-04   2.10 it/s  eta  4.34 h  Y/U/V 32.30/39.77/39.71  chroma 25.2%
 17,400/50,000  loss   4.0677  bpp 1.2140  psnr  30.84  aux    32.13  lr 1.00e-04   2.10 it/s  eta  4.32 h  Y/U/V 32.25/39.74/39.50  chroma 25.2%
 17,600/50,000  loss   3.9663  bpp 1.1983  psnr  30.96  aux    21.73  lr 1.00e-04   2.10 it/s  eta  4.29 h  Y/U/V 32.44/39.69/39.57  chroma 25.5%
 17,800/50,000  loss   4.0985  bpp 1.2028  psnr  30.91  aux    26.61  lr 1.00e-04   2.10 it/s  eta  4.27 h  Y/U/V 32.20/39.94/39.91  chroma 25.4%
 18,000/50,000  loss   4.0415  bpp 1.2148  psnr  30.86  aux    26.97  lr 1.00e-04   2.10 it/s  eta  4.24 h  Y/U/V 32.36/39.45/39.43  chroma 25.2%
        rtcheck  act 0.9251  vs est  +1.06%  vs est_q  -0.03%  (sigma grid +1.09%)  oor y 0.000% z 0.000% (uv y 0.000% z 0.745%)  worst y +18 B (+0.0%)  yhat exact  psnr 36.92  ok
        valid    loss   5.4708  bpp 1.2187  psnr  31.67
 18,200/50,000  loss   4.0469  bpp 1.2110  psnr  30.87  aux    24.13  lr 1.00e-04   2.04 it/s  eta  4.33 h  Y/U/V 32.35/39.29/39.54  chroma 25.4%
 18,400/50,000  loss   4.0384  bpp 1.2069  psnr  30.87  aux    29.74  lr 1.00e-04   2.10 it/s  eta  4.18 h  Y/U/V 32.31/39.54/39.48  chroma 25.4%
 18,600/50,000  loss   4.0226  bpp 1.2076  psnr  30.99  aux    27.18  lr 1.00e-04   2.10 it/s  eta  4.16 h  Y/U/V 32.44/39.61/39.65  chroma 25.5%
 18,800/50,000  loss   4.0219  bpp 1.2203  psnr  30.91  aux    30.77  lr 1.00e-04   2.10 it/s  eta  4.13 h  Y/U/V 32.33/39.52/39.58  chroma 25.3%
 19,000/50,000  loss   3.9726  bpp 1.2056  psnr  31.03  aux    25.81  lr 1.00e-04   2.10 it/s  eta  4.11 h  Y/U/V 32.47/39.76/39.80  chroma 25.5%
 19,200/50,000  loss   4.0279  bpp 1.2118  psnr  30.90  aux    21.68  lr 1.00e-04   2.10 it/s  eta  4.08 h  Y/U/V 32.38/39.42/39.51  chroma 25.4%
 19,400/50,000  loss   4.0363  bpp 1.2141  psnr  30.85  aux    21.18  lr 1.00e-04   2.10 it/s  eta  4.06 h  Y/U/V 32.27/39.60/39.55  chroma 25.4%
 19,600/50,000  loss   4.0559  bpp 1.2157  psnr  30.99  aux    32.70  lr 1.00e-04   2.10 it/s  eta  4.03 h  Y/U/V 32.44/39.69/39.58  chroma 25.3%
 19,800/50,000  loss   3.9788  bpp 1.2198  psnr  31.01  aux    30.05  lr 1.00e-04   2.09 it/s  eta  4.01 h  Y/U/V 32.59/39.46/39.18  chroma 25.4%
 20,000/50,000  loss   3.9545  bpp 1.2123  psnr  30.99  aux    23.31  lr 1.00e-04   2.10 it/s  eta  3.98 h  Y/U/V 32.46/39.86/39.54  chroma 25.2%
        rtcheck  act 0.9116  vs est  +1.20%  vs est_q  +0.22%  (sigma grid +0.98%)  oor y 0.000% z 0.000% (uv y 0.000% z 1.063%)  worst z_uv +114 B (+10.0%)  yhat exact  psnr 37.92  **
        valid    loss   5.1784  bpp 1.2053  psnr  32.21
 20,200/50,000  loss   4.1014  bpp 1.2372  psnr  30.91  aux    29.38  lr 1.00e-04   2.03 it/s  eta  4.07 h  Y/U/V 32.28/39.79/39.59  chroma 25.2%
 20,400/50,000  loss   4.0234  bpp 1.2258  psnr  30.89  aux    26.26  lr 1.00e-04   2.10 it/s  eta  3.92 h  Y/U/V 32.36/39.12/39.58  chroma 25.3%
 20,600/50,000  loss   3.9093  bpp 1.2114  psnr  31.19  aux    32.76  lr 1.00e-04   2.10 it/s  eta  3.89 h  Y/U/V 32.67/40.09/39.77  chroma 25.4%
 20,800/50,000  loss   4.0049  bpp 1.2086  psnr  30.88  aux    20.61  lr 1.00e-04   2.10 it/s  eta  3.87 h  Y/U/V 32.38/39.56/39.24  chroma 25.7%
 21,000/50,000  loss   3.9285  bpp 1.2171  psnr  31.06  aux    27.07  lr 1.00e-04   2.10 it/s  eta  3.84 h  Y/U/V 32.47/39.79/39.76  chroma 25.3%
 21,200/50,000  loss   4.0656  bpp 1.2253  psnr  30.82  aux    25.43  lr 1.00e-04   2.10 it/s  eta  3.82 h  Y/U/V 32.36/39.17/39.43  chroma 25.5%
 21,400/50,000  loss   4.0389  bpp 1.2263  psnr  30.87  aux    21.74  lr 1.00e-04   2.10 it/s  eta  3.79 h  Y/U/V 32.35/39.55/39.48  chroma 25.5%
 21,600/50,000  loss   3.8431  bpp 1.2116  psnr  31.25  aux    26.86  lr 1.00e-04   2.09 it/s  eta  3.77 h  Y/U/V 32.75/39.95/39.81  chroma 25.2%
 21,800/50,000  loss   4.0058  bpp 1.2358  psnr  30.91  aux    30.90  lr 1.00e-04   2.10 it/s  eta  3.74 h  Y/U/V 32.41/39.30/39.54  chroma 25.5%
 22,000/50,000  loss   3.9717  bpp 1.2203  psnr  31.00  aux    26.91  lr 1.00e-04   2.10 it/s  eta  3.71 h  Y/U/V 32.41/39.74/39.83  chroma 25.2%
        rtcheck  act 0.9212  vs est  +1.04%  vs est_q  +0.05%  (sigma grid +0.99%)  oor y 0.000% z 0.000% (uv y 0.000% z 0.709%)  worst y +18 B (+0.0%)  yhat exact  psnr 37.50  ok
        valid    loss   5.0996  bpp 1.2216  psnr  32.20
 22,200/50,000  loss   3.9957  bpp 1.2339  psnr  31.27  aux    36.79  lr 1.00e-04   2.04 it/s  eta  3.79 h  Y/U/V 32.77/39.66/39.94  chroma 25.5%
 22,400/50,000  loss   3.9423  bpp 1.2215  psnr  31.08  aux    21.10  lr 1.00e-04   2.10 it/s  eta  3.65 h  Y/U/V 32.60/39.54/39.61  chroma 25.4%
 22,600/50,000  loss   3.9842  bpp 1.2362  psnr  31.04  aux    23.66  lr 1.00e-04   2.10 it/s  eta  3.63 h  Y/U/V 32.54/39.48/39.55  chroma 25.7%
 22,800/50,000  loss   3.9564  bpp 1.2191  psnr  31.03  aux    24.45  lr 1.00e-04   2.10 it/s  eta  3.60 h  Y/U/V 32.53/39.67/39.71  chroma 25.6%
 23,000/50,000  loss   3.9631  bpp 1.2289  psnr  31.05  aux    29.61  lr 1.00e-04   2.10 it/s  eta  3.58 h  Y/U/V 32.54/39.66/39.59  chroma 25.3%
 23,200/50,000  loss   3.9839  bpp 1.2304  psnr  30.92  aux    23.76  lr 1.00e-04   2.10 it/s  eta  3.55 h  Y/U/V 32.46/39.36/39.41  chroma 25.3%
 23,400/50,000  loss   3.9390  bpp 1.2273  psnr  31.06  aux    32.76  lr 1.00e-04   2.10 it/s  eta  3.52 h  Y/U/V 32.58/39.73/39.54  chroma 25.5%
 23,600/50,000  loss   4.0142  bpp 1.2320  psnr  31.04  aux    25.74  lr 1.00e-04   2.10 it/s  eta  3.50 h  Y/U/V 32.49/39.73/39.66  chroma 25.3%
 23,800/50,000  loss   3.8934  bpp 1.2351  psnr  31.13  aux    27.70  lr 1.00e-04   2.10 it/s  eta  3.47 h  Y/U/V 32.62/39.53/39.74  chroma 25.4%
 24,000/50,000  loss   3.9485  bpp 1.2357  psnr  31.11  aux    28.91  lr 1.00e-04   2.10 it/s  eta  3.44 h  Y/U/V 32.65/39.50/39.52  chroma 25.6%
        rtcheck  act 0.9348  vs est  +0.90%  vs est_q  +0.06%  (sigma grid +0.84%)  oor y 0.001% z 0.000% (uv y 0.000% z 0.709%)  worst y +16 B (+0.0%)  yhat exact  psnr 36.79  ok
        valid    loss   5.0075  bpp 1.2328  psnr  32.16
 24,200/50,000  loss   3.9962  bpp 1.2355  psnr  30.98  aux    24.71  lr 1.00e-04   2.03 it/s  eta  3.52 h  Y/U/V 32.38/39.73/39.72  chroma 25.2%
 24,400/50,000  loss   3.8945  bpp 1.2286  psnr  31.14  aux    24.21  lr 1.00e-04   2.10 it/s  eta  3.39 h  Y/U/V 32.68/39.74/39.66  chroma 25.6%
 24,600/50,000  loss   3.9473  bpp 1.2373  psnr  31.19  aux    27.91  lr 1.00e-04   2.10 it/s  eta  3.36 h  Y/U/V 32.70/39.77/39.61  chroma 25.4%
 24,800/50,000  loss   3.9495  bpp 1.2361  psnr  31.07  aux    36.40  lr 1.00e-04   2.10 it/s  eta  3.34 h  Y/U/V 32.53/39.60/39.73  chroma 25.5%
 25,000/50,000  loss   3.9202  bpp 1.2315  psnr  31.16  aux    24.12  lr 1.00e-04   2.10 it/s  eta  3.31 h  Y/U/V 32.69/39.66/39.55  chroma 25.6%
 25,200/50,000  loss   3.9357  bpp 1.2337  psnr  31.13  aux    25.62  lr 1.00e-04   2.10 it/s  eta  3.29 h  Y/U/V 32.64/39.65/39.52  chroma 25.5%
 25,400/50,000  loss   3.9174  bpp 1.2418  psnr  31.06  aux    30.12  lr 1.00e-04   2.10 it/s  eta  3.26 h  Y/U/V 32.49/39.90/39.80  chroma 25.3%
 25,600/50,000  loss   3.8884  bpp 1.2390  psnr  31.22  aux    27.72  lr 1.00e-04   2.10 it/s  eta  3.23 h  Y/U/V 32.70/39.65/39.97  chroma 25.4%
 25,800/50,000  loss   3.9919  bpp 1.2475  psnr  30.95  aux    33.64  lr 1.00e-04   2.10 it/s  eta  3.21 h  Y/U/V 32.42/39.70/39.54  chroma 25.3%
 26,000/50,000  loss   3.8582  bpp 1.2401  psnr  31.31  aux    26.39  lr 1.00e-04   2.10 it/s  eta  3.18 h  Y/U/V 32.73/40.00/40.05  chroma 25.2%
        rtcheck  act 0.9428  vs est  +0.71%  vs est_q  +0.09%  (sigma grid +0.62%)  oor y 0.000% z 0.000% (uv y 0.000% z 0.702%)  worst z_uv +27 B (+1.6%)  yhat exact  psnr 37.90  ok
        valid    loss   4.9671  bpp 1.2464  psnr  32.42
 26,200/50,000  loss   3.9497  bpp 1.2475  psnr  30.96  aux    28.74  lr 1.00e-04   2.04 it/s  eta  3.25 h  Y/U/V 32.59/39.27/39.26  chroma 25.3%
 26,400/50,000  loss   3.8179  bpp 1.2321  psnr  31.42  aux    19.84  lr 1.00e-04   2.10 it/s  eta  3.12 h  Y/U/V 33.09/39.63/39.75  chroma 25.8%
 26,600/50,000  loss   3.9464  bpp 1.2561  psnr  31.14  aux    33.99  lr 1.00e-04   2.10 it/s  eta  3.10 h  Y/U/V 32.54/39.77/39.90  chroma 25.4%
 26,800/50,000  loss   3.8817  bpp 1.2468  psnr  31.27  aux    29.20  lr 1.00e-04   2.10 it/s  eta  3.07 h  Y/U/V 32.81/39.67/39.66  chroma 25.5%
 27,000/50,000  loss   3.8837  bpp 1.2430  psnr  31.25  aux    24.57  lr 1.00e-04   2.10 it/s  eta  3.05 h  Y/U/V 32.73/39.85/39.73  chroma 25.4%
 27,200/50,000  loss   3.9538  bpp 1.2372  psnr  31.05  aux    23.18  lr 1.00e-04   2.10 it/s  eta  3.02 h  Y/U/V 32.64/39.50/39.43  chroma 25.5%
 27,400/50,000  loss   3.9795  bpp 1.2487  psnr  31.01  aux    23.06  lr 1.00e-04   2.10 it/s  eta  3.00 h  Y/U/V 32.57/39.49/39.40  chroma 25.4%
 27,600/50,000  loss   3.9812  bpp 1.2616  psnr  31.00  aux    24.81  lr 1.00e-04   2.10 it/s  eta  2.97 h  Y/U/V 32.45/39.73/39.77  chroma 25.4%
 27,800/50,000  loss   3.7318  bpp 1.2269  psnr  31.57  aux    28.14  lr 1.00e-04   2.10 it/s  eta  2.94 h  Y/U/V 33.12/39.93/39.96  chroma 25.7%
 28,000/50,000  loss   3.8591  bpp 1.2396  psnr  31.28  aux    31.81  lr 1.00e-04   2.10 it/s  eta  2.91 h  Y/U/V 32.79/39.74/39.94  chroma 25.5%
        rtcheck  act 0.9441  vs est  +1.18%  vs est_q  +0.10%  (sigma grid +1.08%)  oor y 0.000% z 0.000% (uv y 0.000% z 0.694%)  worst z_uv +40 B (+2.6%)  yhat exact  psnr 38.18  **
        valid    loss   5.0235  bpp 1.2414  psnr  32.60
 28,200/50,000  loss   3.7793  bpp 1.2362  psnr  31.52  aux    28.30  lr 1.00e-04   2.04 it/s  eta  2.97 h  Y/U/V 33.08/39.91/39.83  chroma 25.6%
 28,400/50,000  loss   3.9076  bpp 1.2635  psnr  31.14  aux    33.79  lr 1.00e-04   2.10 it/s  eta  2.86 h  Y/U/V 32.66/39.86/39.49  chroma 25.6%
 28,600/50,000  loss   3.9307  bpp 1.2613  psnr  31.02  aux    26.47  lr 1.00e-04   2.10 it/s  eta  2.83 h  Y/U/V 32.45/39.67/39.67  chroma 25.3%
 28,800/50,000  loss   3.8342  bpp 1.2409  psnr  31.33  aux    22.66  lr 1.00e-04   2.10 it/s  eta  2.81 h  Y/U/V 32.93/39.66/39.63  chroma 25.5%
 29,000/50,000  loss   3.8660  bpp 1.2448  psnr  31.14  aux    30.27  lr 1.00e-04   2.10 it/s  eta  2.78 h  Y/U/V 32.62/39.76/39.76  chroma 25.4%
 29,200/50,000  loss   3.8802  bpp 1.2486  psnr  31.34  aux    25.30  lr 1.00e-04   2.10 it/s  eta  2.76 h  Y/U/V 32.94/39.69/39.82  chroma 25.5%
 29,400/50,000  loss   3.8806  bpp 1.2613  psnr  31.28  aux    28.24  lr 1.00e-04   2.10 it/s  eta  2.73 h  Y/U/V 32.82/39.59/39.74  chroma 25.7%
 29,600/50,000  loss   3.8760  bpp 1.2539  psnr  31.25  aux    28.94  lr 1.00e-04   2.10 it/s  eta  2.70 h  Y/U/V 32.84/39.88/39.58  chroma 25.5%
 29,800/50,000  loss   3.8293  bpp 1.2347  psnr  31.23  aux    21.43  lr 1.00e-04   2.10 it/s  eta  2.68 h  Y/U/V 32.80/39.82/39.58  chroma 25.6%
 30,000/50,000  loss   3.8110  bpp 1.2510  psnr  31.34  aux    27.00  lr 1.00e-04   2.10 it/s  eta  2.65 h  Y/U/V 32.93/39.74/39.53  chroma 25.6%
        rtcheck  act 0.9433  vs est  +0.71%  vs est_q  +0.13%  (sigma grid +0.58%)  oor y 0.001% z 0.000% (uv y 0.000% z 0.694%)  worst z_uv +55 B (+3.7%)  yhat exact  psnr 37.56  **
        valid    loss   4.9949  bpp 1.2474  psnr  32.14
 30,200/50,000  loss   3.9486  bpp 1.2716  psnr  31.09  aux    27.92  lr 1.00e-04   2.04 it/s  eta  2.69 h  Y/U/V 32.60/39.65/39.58  chroma 25.6%
 30,400/50,000  loss   3.8315  bpp 1.2557  psnr  31.36  aux    34.97  lr 1.00e-04   2.10 it/s  eta  2.60 h  Y/U/V 32.88/39.82/39.96  chroma 25.4%
 30,600/50,000  loss   3.8099  bpp 1.2405  psnr  31.36  aux    22.57  lr 1.00e-04   2.09 it/s  eta  2.58 h  Y/U/V 32.90/39.99/39.70  chroma 25.7%
 30,800/50,000  loss   3.9256  bpp 1.2743  psnr  31.05  aux    23.75  lr 1.00e-04   2.09 it/s  eta  2.56 h  Y/U/V 32.63/39.26/39.55  chroma 25.6%
 31,000/50,000  loss   3.7345  bpp 1.2460  psnr  31.50  aux    26.84  lr 1.00e-04   2.09 it/s  eta  2.52 h  Y/U/V 33.00/39.90/40.03  chroma 25.5%
 31,200/50,000  loss   3.8861  bpp 1.2660  psnr  31.21  aux    24.93  lr 1.00e-04   2.09 it/s  eta  2.49 h  Y/U/V 32.69/39.89/39.96  chroma 25.5%
 31,400/50,000  loss   3.8030  bpp 1.2563  psnr  31.38  aux    30.05  lr 1.00e-04   2.09 it/s  eta  2.47 h  Y/U/V 32.82/39.91/40.09  chroma 25.5%
 31,600/50,000  loss   3.8607  bpp 1.2553  psnr  31.33  aux    23.60  lr 1.00e-04   2.09 it/s  eta  2.45 h  Y/U/V 32.87/39.85/39.84  chroma 25.5%
 31,800/50,000  loss   3.8109  bpp 1.2555  psnr  31.29  aux    22.45  lr 1.00e-04   2.10 it/s  eta  2.41 h  Y/U/V 32.88/39.55/39.77  chroma 25.6%
 32,000/50,000  loss   3.8312  bpp 1.2711  psnr  31.24  aux    27.67  lr 1.00e-04   2.09 it/s  eta  2.39 h  Y/U/V 32.78/39.75/39.64  chroma 25.7%
        rtcheck  act 0.9563  vs est  +1.28%  vs est_q  +0.15%  (sigma grid +1.12%)  oor y 0.000% z 0.000% (uv y 0.000% z 0.687%)  worst z_uv +73 B (+4.7%)  yhat exact  psnr 37.99  **
        valid    loss   4.9496  bpp 1.2681  psnr  32.25
 32,200/50,000  loss   3.8093  bpp 1.2568  psnr  31.46  aux    28.32  lr 1.00e-04   2.03 it/s  eta  2.43 h  Y/U/V 32.95/39.98/39.93  chroma 25.5%
 32,400/50,000  loss   3.7298  bpp 1.2541  psnr  31.53  aux    28.79  lr 1.00e-04   2.09 it/s  eta  2.33 h  Y/U/V 33.12/39.94/39.90  chroma 25.6%
 32,600/50,000  loss   3.8958  bpp 1.2703  psnr  31.19  aux    28.90  lr 1.00e-04   2.09 it/s  eta  2.31 h  Y/U/V 32.66/39.76/39.74  chroma 25.6%
 32,800/50,000  loss   3.9053  bpp 1.2685  psnr  31.06  aux    24.13  lr 1.00e-04   2.09 it/s  eta  2.28 h  Y/U/V 32.77/39.36/39.16  chroma 25.7%
 33,000/50,000  loss   3.8767  bpp 1.2781  psnr  31.24  aux    25.13  lr 1.00e-04   2.08 it/s  eta  2.27 h  Y/U/V 32.75/39.73/39.79  chroma 25.5%
 33,200/50,000  loss   3.7631  bpp 1.2570  psnr  31.52  aux    31.54  lr 1.00e-04   2.09 it/s  eta  2.24 h  Y/U/V 32.98/40.15/40.33  chroma 25.5%
 33,400/50,000  loss   3.7592  bpp 1.2462  psnr  31.50  aux    26.25  lr 1.00e-04   2.08 it/s  eta  2.21 h  Y/U/V 32.98/40.18/40.18  chroma 25.6%
 33,600/50,000  loss   3.7528  bpp 1.2693  psnr  31.41  aux    22.97  lr 1.00e-04   2.09 it/s  eta  2.18 h  Y/U/V 33.06/39.78/39.56  chroma 25.7%
 33,800/50,000  loss   3.7794  bpp 1.2707  psnr  31.39  aux    30.98  lr 1.00e-04   2.09 it/s  eta  2.16 h  Y/U/V 32.93/39.84/39.77  chroma 25.5%
 34,000/50,000  loss   3.7751  bpp 1.2721  psnr  31.47  aux    28.59  lr 1.00e-04   2.10 it/s  eta  2.12 h  Y/U/V 33.07/39.92/39.80  chroma 25.4%
        rtcheck  act 0.9437  vs est  +1.35%  vs est_q  +0.17%  (sigma grid +1.18%)  oor y 0.000% z 0.000% (uv y 0.000% z 0.687%)  worst z_uv +83 B (+5.9%)  yhat exact  psnr 37.74  **
        valid    loss   4.9484  bpp 1.2644  psnr  32.31
 34,200/50,000  loss   3.7865  bpp 1.2569  psnr  31.51  aux    23.61  lr 1.00e-04   2.03 it/s  eta  2.16 h  Y/U/V 33.06/40.06/40.04  chroma 25.8%
 34,400/50,000  loss   3.8696  bpp 1.2644  psnr  31.25  aux    24.61  lr 1.00e-04   2.09 it/s  eta  2.07 h  Y/U/V 32.85/39.55/39.71  chroma 25.6%
 34,600/50,000  loss   3.8760  bpp 1.2870  psnr  31.25  aux    32.44  lr 1.00e-04   2.09 it/s  eta  2.04 h  Y/U/V 32.71/39.81/39.84  chroma 25.3%
 34,800/50,000  loss   3.7942  bpp 1.2693  psnr  31.36  aux    24.28  lr 1.00e-04   2.09 it/s  eta  2.02 h  Y/U/V 33.02/39.57/39.62  chroma 25.9%
 35,000/50,000  loss   3.7185  bpp 1.2592  psnr  31.55  aux    28.24  lr 1.00e-04   2.09 it/s  eta  1.99 h  Y/U/V 33.16/40.01/39.77  chroma 25.8%
 35,200/50,000  loss   3.7973  bpp 1.2690  psnr  31.47  aux    34.92  lr 1.00e-04   2.10 it/s  eta  1.96 h  Y/U/V 33.08/39.94/39.66  chroma 25.5%
 35,400/50,000  loss   3.7925  bpp 1.2719  psnr  31.42  aux    26.71  lr 1.00e-04   2.09 it/s  eta  1.94 h  Y/U/V 33.06/39.57/39.75  chroma 25.7%
 35,600/50,000  loss   3.7301  bpp 1.2628  psnr  31.39  aux    25.66  lr 1.00e-04   2.09 it/s  eta  1.91 h  Y/U/V 32.97/39.85/39.87  chroma 25.9%
 35,800/50,000  loss   3.7895  bpp 1.2774  psnr  31.54  aux    28.92  lr 1.00e-04   2.09 it/s  eta  1.88 h  Y/U/V 33.00/40.17/40.26  chroma 25.4%
 36,000/50,000  loss   3.7770  bpp 1.2757  psnr  31.60  aux    31.57  lr 1.00e-04   2.09 it/s  eta  1.86 h  Y/U/V 33.15/39.90/40.02  chroma 25.5%
        rtcheck  act 0.9543  vs est  +0.71%  vs est_q  +0.19%  (sigma grid +0.52%)  oor y 0.000% z 0.000% (uv y 0.000% z 0.680%)  worst z_uv +98 B (+7.1%)  yhat exact  psnr 37.49  **
        valid    loss   4.8451  bpp 1.2824  psnr  32.11
 36,200/50,000  loss   3.7982  bpp 1.2759  psnr  31.36  aux    29.44  lr 1.00e-04   2.03 it/s  eta  1.89 h  Y/U/V 32.88/39.96/39.92  chroma 25.7%
 36,400/50,000  loss   3.7941  bpp 1.2857  psnr  31.39  aux    27.38  lr 1.00e-04   2.09 it/s  eta  1.80 h  Y/U/V 32.98/39.67/39.86  chroma 25.7%
 36,600/50,000  loss   3.6655  bpp 1.2652  psnr  31.64  aux    33.56  lr 1.00e-04   2.09 it/s  eta  1.78 h  Y/U/V 33.19/40.00/40.02  chroma 25.6%
 36,800/50,000  loss   3.7759  bpp 1.2729  psnr  31.45  aux    25.96  lr 1.00e-04   2.09 it/s  eta  1.75 h  Y/U/V 33.08/39.87/39.58  chroma 25.5%
 37,000/50,000  loss   3.6466  bpp 1.2715  psnr  31.70  aux    30.05  lr 1.00e-04   2.09 it/s  eta  1.72 h  Y/U/V 33.34/40.00/39.94  chroma 25.7%
 37,200/50,000  loss   3.7302  bpp 1.2730  psnr  31.68  aux    25.68  lr 1.00e-04   2.09 it/s  eta  1.70 h  Y/U/V 33.37/40.10/39.77  chroma 25.7%
 37,400/50,000  loss   3.8587  bpp 1.2999  psnr  31.22  aux    29.80  lr 1.00e-04   2.06 it/s  eta  1.70 h  Y/U/V 32.77/39.51/39.63  chroma 25.4%
 37,600/50,000  loss   3.6930  bpp 1.2599  psnr  31.52  aux    25.17  lr 1.00e-04   2.08 it/s  eta  1.65 h  Y/U/V 33.05/39.95/40.14  chroma 25.6%
 37,800/50,000  loss   3.7444  bpp 1.2847  psnr  31.40  aux    25.74  lr 1.00e-04   2.09 it/s  eta  1.62 h  Y/U/V 32.97/39.83/39.75  chroma 25.4%
 38,000/50,000  loss   3.8614  bpp 1.2891  psnr  31.28  aux    26.20  lr 1.00e-04   2.09 it/s  eta  1.60 h  Y/U/V 33.02/39.42/39.31  chroma 25.8%
        rtcheck  act 0.9539  vs est  +1.15%  vs est_q  +0.19%  (sigma grid +0.96%)  oor y 0.000% z 0.000% (uv y 0.000% z 0.666%)  worst z_uv +103 B (+8.4%)  yhat exact  psnr 37.51  **
        valid    loss   4.7989  bpp 1.2777  psnr  32.54
 38,200/50,000  loss   3.6889  bpp 1.2698  psnr  31.66  aux    26.96  lr 1.00e-04   2.03 it/s  eta  1.62 h  Y/U/V 33.20/40.09/40.07  chroma 25.4%
 38,400/50,000  loss   3.6945  bpp 1.2694  psnr  31.61  aux    28.70  lr 1.00e-04   2.09 it/s  eta  1.54 h  Y/U/V 33.22/40.06/39.90  chroma 25.8%
 38,600/50,000  loss   3.7025  bpp 1.2817  psnr  31.63  aux    28.17  lr 1.00e-04   2.10 it/s  eta  1.51 h  Y/U/V 33.20/39.98/40.04  chroma 25.5%
 38,800/50,000  loss   3.7198  bpp 1.2794  psnr  31.54  aux    38.94  lr 1.00e-04   2.10 it/s  eta  1.48 h  Y/U/V 33.21/39.85/39.64  chroma 25.8%
 39,000/50,000  loss   3.7998  bpp 1.2837  psnr  31.46  aux    23.65  lr 1.00e-04   2.10 it/s  eta  1.46 h  Y/U/V 33.09/39.73/39.73  chroma 25.6%
 39,200/50,000  loss   3.6859  bpp 1.2793  psnr  31.63  aux    26.97  lr 1.00e-04   2.08 it/s  eta  1.44 h  Y/U/V 33.20/40.08/40.08  chroma 25.6%
 39,400/50,000  loss   3.7410  bpp 1.2894  psnr  31.51  aux    27.99  lr 1.00e-04   2.07 it/s  eta  1.43 h  Y/U/V 33.11/39.78/39.90  chroma 25.7%
 39,600/50,000  loss   3.6292  bpp 1.2628  psnr  31.72  aux    30.15  lr 1.00e-04   2.07 it/s  eta  1.40 h  Y/U/V 33.28/40.27/40.06  chroma 25.5%
 39,800/50,000  loss   3.7630  bpp 1.2880  psnr  31.53  aux    26.87  lr 1.00e-04   2.07 it/s  eta  1.37 h  Y/U/V 33.20/39.82/39.70  chroma 25.6%
 40,000/50,000  loss   3.7397  bpp 1.3004  psnr  31.52  aux    30.68  lr 1.00e-04   2.06 it/s  eta  1.35 h  Y/U/V 33.12/39.70/39.85  chroma 25.6%
        rtcheck  act 0.9591  vs est  +0.60%  vs est_q  +0.20%  (sigma grid +0.39%)  oor y 0.000% z 0.000% (uv y 0.000% z 0.687%)  worst z_uv +116 B (+8.4%)  yhat exact  psnr 37.83  **
        valid    loss   4.8711  bpp 1.3014  psnr  32.39
 40,200/50,000  loss   3.6677  bpp 1.2748  psnr  31.74  aux    24.08  lr 1.00e-04   2.00 it/s  eta  1.36 h  Y/U/V 33.30/39.91/40.16  chroma 25.7%
 40,400/50,000  loss   3.7735  bpp 1.2880  psnr  31.48  aux    25.70  lr 1.00e-04   2.05 it/s  eta  1.30 h  Y/U/V 33.06/39.79/39.95  chroma 25.6%
 40,600/50,000  loss   3.8060  bpp 1.3011  psnr  31.32  aux    30.48  lr 1.00e-04   2.09 it/s  eta  1.25 h  Y/U/V 32.84/39.90/39.91  chroma 25.3%
 40,800/50,000  loss   3.6161  bpp 1.2710  psnr  31.67  aux    32.78  lr 1.00e-04   2.09 it/s  eta  1.22 h  Y/U/V 33.38/39.91/39.89  chroma 25.8%
 41,000/50,000  loss   3.7696  bpp 1.2953  psnr  31.44  aux    34.75  lr 1.00e-04   2.09 it/s  eta  1.19 h  Y/U/V 33.11/39.70/39.50  chroma 25.6%
 41,200/50,000  loss   3.6892  bpp 1.2828  psnr  31.65  aux    25.63  lr 1.00e-04   2.08 it/s  eta  1.18 h  Y/U/V 33.23/40.05/40.16  chroma 25.5%
 41,400/50,000  loss   3.7226  bpp 1.2874  psnr  31.59  aux    23.58  lr 1.00e-04   2.08 it/s  eta  1.15 h  Y/U/V 33.23/39.86/39.85  chroma 25.9%
 41,600/50,000  loss   3.7054  bpp 1.2847  psnr  31.60  aux    24.27  lr 1.00e-04   2.09 it/s  eta  1.12 h  Y/U/V 33.27/39.84/39.77  chroma 25.7%
 41,800/50,000  loss   3.7722  bpp 1.2870  psnr  31.42  aux    31.10  lr 1.00e-04   2.08 it/s  eta  1.09 h  Y/U/V 33.06/39.65/39.77  chroma 25.8%
 42,000/50,000  loss   3.7023  bpp 1.2887  psnr  31.64  aux    26.83  lr 1.00e-04   2.08 it/s  eta  1.07 h  Y/U/V 33.36/39.83/39.70  chroma 25.6%
        rtcheck  act 0.9667  vs est  +0.69%  vs est_q  +0.18%  (sigma grid +0.50%)  oor y 0.000% z 0.000% (uv y 0.000% z 0.586%)  worst z_uv +95 B (+6.4%)  yhat exact  psnr 37.78  **
        valid    loss   4.9359  bpp 1.3102  psnr  32.55
 42,200/50,000  loss   3.7543  bpp 1.2997  psnr  31.52  aux    35.24  lr 1.00e-04   2.02 it/s  eta  1.07 h  Y/U/V 33.02/40.01/40.02  chroma 25.5%
 42,400/50,000  loss   3.5826  bpp 1.2762  psnr  31.96  aux    32.17  lr 1.00e-04   2.08 it/s  eta  1.02 h  Y/U/V 33.58/40.24/40.21  chroma 25.8%
 42,600/50,000  loss   3.7254  bpp 1.2882  psnr  31.59  aux    34.92  lr 1.00e-04   2.10 it/s  eta  0.98 h  Y/U/V 33.20/39.96/39.77  chroma 25.6%
 42,800/50,000  loss   3.7114  bpp 1.2941  psnr  31.63  aux    32.17  lr 1.00e-04   2.10 it/s  eta  0.95 h  Y/U/V 33.19/39.99/40.06  chroma 25.4%
 43,000/50,000  loss   3.6418  bpp 1.2817  psnr  31.67  aux    24.71  lr 1.00e-04   2.10 it/s  eta  0.93 h  Y/U/V 33.44/39.60/39.87  chroma 25.5%
 43,200/50,000  loss   3.7703  bpp 1.3035  psnr  31.47  aux    33.56  lr 1.00e-04   2.06 it/s  eta  0.92 h  Y/U/V 33.20/39.66/39.46  chroma 25.9%
 43,400/50,000  loss   3.6679  bpp 1.2865  psnr  31.70  aux    26.52  lr 1.00e-04   2.08 it/s  eta  0.88 h  Y/U/V 33.33/39.90/40.06  chroma 25.8%
 43,600/50,000  loss   3.6247  bpp 1.2836  psnr  31.80  aux    31.65  lr 1.00e-04   2.09 it/s  eta  0.85 h  Y/U/V 33.47/39.98/40.06  chroma 25.4%
 43,800/50,000  loss   3.6947  bpp 1.3047  psnr  31.60  aux    30.95  lr 1.00e-04   2.08 it/s  eta  0.83 h  Y/U/V 33.12/40.07/40.09  chroma 25.5%
 44,000/50,000  loss   3.7005  bpp 1.2899  psnr  31.74  aux    29.41  lr 1.00e-04   2.08 it/s  eta  0.80 h  Y/U/V 33.39/39.89/39.97  chroma 25.9%
        rtcheck  act 0.9594  vs est  +0.27%  vs est_q  +0.18%  (sigma grid +0.08%)  oor y 0.000% z 0.000% (uv y 0.000% z 0.608%)  worst z_uv +99 B (+8.2%)  yhat exact  psnr 37.41  **
        valid    loss   4.7565  bpp 1.2967  psnr  32.60
 44,200/50,000  loss   3.7326  bpp 1.3118  psnr  31.65  aux    31.81  lr 1.00e-04   2.03 it/s  eta  0.79 h  Y/U/V 33.40/39.65/39.55  chroma 25.7%
 44,400/50,000  loss   3.6353  bpp 1.2814  psnr  31.71  aux    30.38  lr 1.00e-04   2.08 it/s  eta  0.75 h  Y/U/V 33.32/40.07/40.08  chroma 25.6%
 44,600/50,000  loss   3.6229  bpp 1.2880  psnr  31.75  aux    32.70  lr 1.00e-04   2.10 it/s  eta  0.71 h  Y/U/V 33.33/40.18/40.07  chroma 25.6%
 44,800/50,000  loss   3.6704  bpp 1.2949  psnr  31.76  aux    33.36  lr 1.00e-04   2.09 it/s  eta  0.69 h  Y/U/V 33.35/40.07/40.13  chroma 25.7%
 45,000/50,000  loss   3.7038  bpp 1.3013  psnr  31.55  aux    29.83  lr 1.00e-04   2.10 it/s  eta  0.66 h  Y/U/V 33.32/39.69/39.55  chroma 25.7%
 45,200/50,000  loss   3.7007  bpp 1.2920  psnr  31.51  aux    38.53  lr 9.96e-05   2.10 it/s  eta  0.63 h  Y/U/V 33.15/39.77/39.73  chroma 25.8%
 45,400/50,000  loss   3.6254  bpp 1.2993  psnr  31.88  aux    29.67  lr 9.86e-05   2.10 it/s  eta  0.61 h  Y/U/V 33.60/40.00/40.10  chroma 25.7%
 45,600/50,000  loss   3.6368  bpp 1.2947  psnr  31.78  aux    32.19  lr 9.69e-05   2.10 it/s  eta  0.58 h  Y/U/V 33.33/40.36/40.19  chroma 25.5%
 45,800/50,000  loss   3.7263  bpp 1.3065  psnr  31.70  aux    30.81  lr 9.44e-05   2.10 it/s  eta  0.55 h  Y/U/V 33.25/40.02/40.18  chroma 25.7%
 46,000/50,000  loss   3.5210  bpp 1.2855  psnr  32.01  aux    24.74  lr 9.14e-05   2.10 it/s  eta  0.53 h  Y/U/V 33.65/40.34/40.31  chroma 25.7%
        rtcheck  act 0.9498  vs est  +0.75%  vs est_q  +0.18%  (sigma grid +0.57%)  oor y 0.000% z 0.000% (uv y 0.000% z 0.608%)  worst z_uv +99 B (+7.7%)  yhat exact  psnr 36.89  **
        valid    loss   4.8078  bpp 1.2948  psnr  32.36
 46,200/50,000  loss   3.6590  bpp 1.2954  psnr  31.57  aux    23.57  lr 8.78e-05   2.04 it/s  eta  0.52 h  Y/U/V 33.31/39.63/39.45  chroma 25.9%
 46,400/50,000  loss   3.5962  bpp 1.3001  psnr  31.90  aux    27.18  lr 8.37e-05   2.10 it/s  eta  0.48 h  Y/U/V 33.39/40.54/40.42  chroma 25.2%
 46,600/50,000  loss   3.5654  bpp 1.3004  psnr  31.83  aux    29.44  lr 7.91e-05   2.10 it/s  eta  0.45 h  Y/U/V 33.44/40.10/40.31  chroma 25.6%
 46,800/50,000  loss   3.6014  bpp 1.3112  psnr  31.91  aux    25.19  lr 7.42e-05   2.09 it/s  eta  0.42 h  Y/U/V 33.53/40.17/40.30  chroma 25.8%
 47,000/50,000  loss   3.5115  bpp 1.2959  psnr  32.03  aux    24.27  lr 6.89e-05   2.10 it/s  eta  0.40 h  Y/U/V 33.58/40.50/40.31  chroma 25.5%
 47,200/50,000  loss   3.4795  bpp 1.2838  psnr  32.06  aux    22.14  lr 6.35e-05   2.10 it/s  eta  0.37 h  Y/U/V 33.56/40.57/40.57  chroma 25.5%
 47,400/50,000  loss   3.5176  bpp 1.3091  psnr  31.94  aux    21.40  lr 5.79e-05   2.10 it/s  eta  0.34 h  Y/U/V 33.48/40.18/40.36  chroma 25.6%
 47,600/50,000  loss   3.5075  bpp 1.3069  psnr  32.03  aux    16.73  lr 5.22e-05   2.10 it/s  eta  0.32 h  Y/U/V 33.64/40.37/40.41  chroma 25.6%
 47,800/50,000  loss   3.3840  bpp 1.2814  psnr  32.22  aux    14.24  lr 4.66e-05   2.10 it/s  eta  0.29 h  Y/U/V 33.74/40.73/40.67  chroma 25.6%
 48,000/50,000  loss   3.4253  bpp 1.3009  psnr  32.23  aux    14.60  lr 4.11e-05   2.10 it/s  eta  0.27 h  Y/U/V 33.78/40.76/40.68  chroma 25.5%
        rtcheck  act 0.9735  vs est  +0.76%  vs est_q  +0.18%  (sigma grid +0.58%)  oor y 0.000% z 0.000% (uv y 0.000% z 0.622%)  worst z_uv +101 B (+8.4%)  yhat exact  psnr 39.03  **
        valid    loss   4.4359  bpp 1.3119  psnr  33.35
 48,200/50,000  loss   3.3918  bpp 1.3016  psnr  32.18  aux    14.01  lr 3.59e-05   2.04 it/s  eta  0.25 h  Y/U/V 33.70/40.59/40.81  chroma 25.5%
 48,400/50,000  loss   3.3180  bpp 1.2864  psnr  32.52  aux    13.69  lr 3.09e-05   2.10 it/s  eta  0.21 h  Y/U/V 34.07/40.93/40.93  chroma 25.7%
 48,600/50,000  loss   3.4459  bpp 1.3169  psnr  32.18  aux    13.44  lr 2.63e-05   2.10 it/s  eta  0.19 h  Y/U/V 33.71/40.51/40.80  chroma 25.5%
 48,800/50,000  loss   3.3368  bpp 1.3101  psnr  32.38  aux    12.94  lr 2.22e-05   2.10 it/s  eta  0.16 h  Y/U/V 33.87/41.03/40.97  chroma 25.3%
 49,000/50,000  loss   3.3743  bpp 1.3112  psnr  32.36  aux    12.41  lr 1.86e-05   2.10 it/s  eta  0.13 h  Y/U/V 33.78/40.99/41.13  chroma 25.2%
 49,200/50,000  loss   3.3479  bpp 1.3070  psnr  32.32  aux    12.26  lr 1.56e-05   2.10 it/s  eta  0.11 h  Y/U/V 33.80/40.84/40.90  chroma 25.6%
 49,400/50,000  loss   3.3222  bpp 1.3053  psnr  32.45  aux    12.01  lr 1.32e-05   2.10 it/s  eta  0.08 h  Y/U/V 33.97/40.90/40.96  chroma 25.6%
 49,600/50,000  loss   3.2533  bpp 1.3014  psnr  32.53  aux    11.78  lr 1.14e-05   2.10 it/s  eta  0.05 h  Y/U/V 34.03/41.05/41.18  chroma 25.5%
 49,800/50,000  loss   3.3138  bpp 1.3106  psnr  32.34  aux    11.57  lr 1.04e-05   2.10 it/s  eta  0.03 h  Y/U/V 33.87/40.78/40.84  chroma 25.5%
 50,000/50,000  loss   3.2856  bpp 1.3032  psnr  32.46  aux    11.38  lr 1.00e-05   2.10 it/s  eta  0.00 h  Y/U/V 33.92/41.02/41.14  chroma 25.4%
        rtcheck  act 0.9831  vs est  +0.59%  vs est_q  +0.20%  (sigma grid +0.39%)  oor y 0.000% z 0.000% (uv y 0.000% z 0.666%)  worst z_uv +109 B (+9.5%)  yhat exact  psnr 39.32  **
        valid    loss   4.3217  bpp 1.3266  psnr  33.52

final    bpp 1.3266  psnr 33.52
gate     actual 0.9831 bpp
         vs estimate with quantised sigma: +0.20%   <- the coder/table gate, target +-0.5%
         vs estimate the loss saw:         +0.59%   (of which +0.39% is the 32-level sigma grid)
         out of table range: y 0.000%  z 0.000%
         per stream (bytes vs that stream's own estimate): y +0.04% (+21.6 B)  y_uv +0.08% (+11.0 B)  z +1.08% (+5.9 B)  z_uv +9.49% (+108.9 B)
         ** z_uv disagrees with its own table by +109 B (+9.5%) -- the coder is faithful to a table that is not the density the rate loss was trained against
         yhat bit-exact through the coder: True
wrote    checkpoints/ladder_p5/beta0.03/final.pt
[4/5] beta 0.075 (lambda*255^2 = 4877)  warm start
----------------------------------------------------------------------
resumed warmstart.pt at step 0

run      ladder_p5/beta0.075
device   mps (Apple Metal)
beta     0.075  (== compressai lambda*255^2 4877)
steps    0 -> 50,000   batch 8  crop 256
out      checkpoints/ladder_p5/beta0.075

TwoBranchCodec  internal 420  split-hyper  luma=160/160  chroma=96/96  concat=256
  part                    params   kMAC/pxl
  g_a_y                2,051,840       47.8
  g_s_y                2,180,513      254.0
  h_a_y                1,152,800        1.5
  h_s_y                2,075,040        1.4
  g_a_uv               1,241,248       14.6
  g_s_uv               1,801,954       66.4
  h_a_uv                 415,200        0.5
  h_s_uv                 747,360        0.5
  eb_y                     9,760           
  eb_uv                    5,856           
  h_scale_y              642,720        0.2
  h_scale_uv             232,032        0.1
  TOTAL               12,556,323      386.8   (47.9 MiB fp32)
  decoder                             322.4   <- compare to paper SOP 8 / BOP 28 / HOP 215
  tables               259.6 KiB

    200/50,000  loss   6.2884  bpp 1.3236  psnr  32.47  aux    11.94  lr 2.00e-05   2.05 it/s  eta  6.76 h  Y/U/V 33.98/41.07/41.04  chroma 25.5%
    400/50,000  loss   6.2198  bpp 1.3762  psnr  32.48  aux    11.34  lr 4.00e-05   2.10 it/s  eta  6.57 h  Y/U/V 33.98/41.02/41.03  chroma 25.1%
    600/50,000  loss   6.4412  bpp 1.4137  psnr  32.31  aux    12.48  lr 6.00e-05   2.10 it/s  eta  6.55 h  Y/U/V 33.85/40.57/40.84  chroma 24.9%
    800/50,000  loss   6.7372  bpp 1.4297  psnr  32.11  aux    13.74  lr 8.00e-05   2.10 it/s  eta  6.52 h  Y/U/V 33.76/40.35/40.23  chroma 25.0%
  1,000/50,000  loss   6.7346  bpp 1.4275  psnr  31.99  aux    16.44  lr 1.00e-04   2.10 it/s  eta  6.49 h  Y/U/V 33.73/40.03/40.09  chroma 25.1%
  1,200/50,000  loss   7.0179  bpp 1.4626  psnr  31.85  aux    24.80  lr 1.00e-04   2.10 it/s  eta  6.47 h  Y/U/V 33.46/40.29/40.17  chroma 24.8%
  1,400/50,000  loss   6.7340  bpp 1.4409  psnr  32.20  aux    31.23  lr 1.00e-04   2.10 it/s  eta  6.44 h  Y/U/V 33.90/40.27/40.40  chroma 25.0%
  1,600/50,000  loss   6.9900  bpp 1.4736  psnr  31.87  aux    34.59  lr 1.00e-04   2.10 it/s  eta  6.41 h  Y/U/V 33.61/39.99/40.04  chroma 25.0%
  1,800/50,000  loss   7.1085  bpp 1.4666  psnr  31.73  aux    25.99  lr 1.00e-04   2.10 it/s  eta  6.39 h  Y/U/V 33.51/39.61/39.75  chroma 25.1%
  2,000/50,000  loss   6.8657  bpp 1.4661  psnr  32.04  aux    33.56  lr 1.00e-04   2.10 it/s  eta  6.36 h  Y/U/V 33.66/40.43/40.30  chroma 25.1%
        rtcheck  act 1.1095  vs est  +0.76%  vs est_q  +0.14%  (sigma grid +0.62%)  oor y 0.000% z 0.000% (uv y 0.000% z 0.593%)  worst z_uv +99 B (+10.1%)  yhat exact  psnr 38.98  **
        valid    loss   9.6267  bpp 1.4830  psnr  32.93
  2,200/50,000  loss   7.0232  bpp 1.5024  psnr  31.87  aux    41.52  lr 1.00e-04   2.04 it/s  eta  6.52 h  Y/U/V 33.51/40.31/40.05  chroma 25.0%
  2,400/50,000  loss   6.7593  bpp 1.4848  psnr  32.14  aux    26.81  lr 1.00e-04   2.10 it/s  eta  6.31 h  Y/U/V 33.93/40.19/40.03  chroma 24.9%
  2,600/50,000  loss   6.9830  bpp 1.4960  psnr  31.94  aux    33.85  lr 1.00e-04   2.10 it/s  eta  6.28 h  Y/U/V 33.64/40.23/40.17  chroma 25.0%
  2,800/50,000  loss   6.8658  bpp 1.4922  psnr  31.97  aux    30.57  lr 1.00e-04   2.10 it/s  eta  6.25 h  Y/U/V 33.67/40.14/39.97  chroma 25.1%
  3,000/50,000  loss   6.8664  bpp 1.4920  psnr  32.00  aux    32.79  lr 1.00e-04   2.10 it/s  eta  6.23 h  Y/U/V 33.67/40.13/40.31  chroma 24.7%
  3,200/50,000  loss   7.1345  bpp 1.5258  psnr  31.81  aux    39.42  lr 1.00e-04   2.10 it/s  eta  6.20 h  Y/U/V 33.63/39.73/39.77  chroma 25.1%
  3,400/50,000  loss   6.9281  bpp 1.5198  psnr  32.03  aux    39.40  lr 1.00e-04   2.10 it/s  eta  6.17 h  Y/U/V 33.62/40.42/40.35  chroma 25.0%
  3,600/50,000  loss   6.8689  bpp 1.5157  psnr  31.97  aux    28.51  lr 1.00e-04   2.10 it/s  eta  6.15 h  Y/U/V 33.60/40.24/40.25  chroma 24.8%
  3,800/50,000  loss   7.0543  bpp 1.5087  psnr  31.87  aux    25.63  lr 1.00e-04   2.10 it/s  eta  6.12 h  Y/U/V 33.72/39.72/39.73  chroma 25.3%
  4,000/50,000  loss   6.7301  bpp 1.5024  psnr  32.21  aux    26.00  lr 1.00e-04   2.10 it/s  eta  6.09 h  Y/U/V 34.05/40.30/40.02  chroma 25.3%
        rtcheck  act 1.1648  vs est  +1.18%  vs est_q  +0.14%  (sigma grid +1.05%)  oor y 0.000% z 0.000% (uv y 0.000% z 0.543%)  worst z_uv +92 B (+8.3%)  yhat exact  psnr 38.78  **
        valid    loss   9.5327  bpp 1.5453  psnr  33.10
  4,200/50,000  loss   6.8409  bpp 1.5293  psnr  32.07  aux    33.06  lr 1.00e-04   2.04 it/s  eta  6.25 h  Y/U/V 33.80/40.09/40.24  chroma 25.2%
  4,400/50,000  loss   7.1111  bpp 1.5184  psnr  31.78  aux    30.10  lr 1.00e-04   2.10 it/s  eta  6.04 h  Y/U/V 33.39/40.22/40.14  chroma 25.1%
  4,600/50,000  loss   7.0392  bpp 1.5382  psnr  31.75  aux    25.47  lr 1.00e-04   2.10 it/s  eta  6.02 h  Y/U/V 33.45/39.84/39.94  chroma 24.9%
  4,800/50,000  loss   6.6707  bpp 1.5108  psnr  32.27  aux    35.13  lr 1.00e-04   2.10 it/s  eta  5.99 h  Y/U/V 34.11/40.20/40.26  chroma 25.3%
  5,000/50,000  loss   7.1121  bpp 1.5629  psnr  31.82  aux    34.96  lr 1.00e-04   2.10 it/s  eta  5.97 h  Y/U/V 33.47/40.09/40.05  chroma 24.9%
  5,200/50,000  loss   6.7392  bpp 1.5204  psnr  32.14  aux    26.82  lr 1.00e-04   2.10 it/s  eta  5.93 h  Y/U/V 33.87/40.35/40.21  chroma 25.2%
  5,400/50,000  loss   6.9183  bpp 1.5362  psnr  32.01  aux    31.31  lr 1.00e-04   2.10 it/s  eta  5.91 h  Y/U/V 33.84/39.94/39.88  chroma 25.6%
  5,600/50,000  loss   6.7755  bpp 1.5348  psnr  32.24  aux    37.63  lr 1.00e-04   2.10 it/s  eta  5.88 h  Y/U/V 33.96/40.45/40.38  chroma 24.9%
  5,800/50,000  loss   6.9609  bpp 1.5427  psnr  31.93  aux    28.77  lr 1.00e-04   2.10 it/s  eta  5.86 h  Y/U/V 33.65/39.91/40.12  chroma 25.3%
  6,000/50,000  loss   6.7769  bpp 1.5277  psnr  32.17  aux    27.07  lr 1.00e-04   2.10 it/s  eta  5.83 h  Y/U/V 33.95/40.28/40.13  chroma 25.2%
        rtcheck  act 1.1804  vs est  +0.97%  vs est_q  +0.14%  (sigma grid +0.83%)  oor y 0.000% z 0.000% (uv y 0.000% z 0.535%)  worst z_uv +86 B (+8.3%)  yhat exact  psnr 38.42  **
        valid    loss   9.9925  bpp 1.6018  psnr  32.43
  6,200/50,000  loss   7.0078  bpp 1.5560  psnr  31.91  aux    20.92  lr 1.00e-04   2.04 it/s  eta  5.96 h  Y/U/V 33.65/39.95/40.08  chroma 25.2%
  6,400/50,000  loss   6.7822  bpp 1.5409  psnr  32.04  aux    26.34  lr 1.00e-04   2.10 it/s  eta  5.78 h  Y/U/V 33.77/40.26/40.17  chroma 25.2%
  6,600/50,000  loss   6.8222  bpp 1.5503  psnr  31.88  aux    30.04  lr 1.00e-04   2.10 it/s  eta  5.75 h  Y/U/V 33.64/40.02/39.95  chroma 25.2%
  6,800/50,000  loss   6.6787  bpp 1.5351  psnr  32.25  aux    32.91  lr 1.00e-04   2.10 it/s  eta  5.72 h  Y/U/V 34.05/40.23/40.23  chroma 25.2%
  7,000/50,000  loss   6.9106  bpp 1.5725  psnr  31.99  aux    26.32  lr 1.00e-04   2.10 it/s  eta  5.69 h  Y/U/V 33.74/40.08/40.05  chroma 25.1%
  7,200/50,000  loss   6.9352  bpp 1.5480  psnr  32.08  aux    25.34  lr 1.00e-04   2.10 it/s  eta  5.67 h  Y/U/V 33.75/40.19/40.27  chroma 25.5%
  7,400/50,000  loss   6.8398  bpp 1.5632  psnr  32.06  aux    32.05  lr 1.00e-04   2.10 it/s  eta  5.64 h  Y/U/V 33.77/40.14/40.41  chroma 24.9%
  7,600/50,000  loss   6.6870  bpp 1.5417  psnr  32.22  aux    27.26  lr 1.00e-04   2.10 it/s  eta  5.62 h  Y/U/V 33.98/40.20/40.27  chroma 25.4%
  7,800/50,000  loss   6.9203  bpp 1.5494  psnr  31.91  aux    22.73  lr 1.00e-04   2.10 it/s  eta  5.59 h  Y/U/V 33.73/39.82/39.83  chroma 25.2%
  8,000/50,000  loss   6.9405  bpp 1.5791  psnr  32.00  aux    31.93  lr 1.00e-04   2.10 it/s  eta  5.56 h  Y/U/V 33.73/40.06/40.13  chroma 25.4%
        rtcheck  act 1.2084  vs est  +1.44%  vs est_q  +0.13%  (sigma grid +1.31%)  oor y 0.001% z 0.000% (uv y 0.000% z 0.579%)  worst z_uv +95 B (+8.9%)  yhat exact  psnr 39.22  **
        valid    loss   9.3372  bpp 1.6002  psnr  33.21
  8,200/50,000  loss   6.7606  bpp 1.5572  psnr  32.14  aux    27.51  lr 1.00e-04   2.04 it/s  eta  5.70 h  Y/U/V 33.88/40.29/40.26  chroma 25.3%
  8,400/50,000  loss   6.4795  bpp 1.5284  psnr  32.58  aux    30.02  lr 1.00e-04   2.10 it/s  eta  5.51 h  Y/U/V 34.37/40.59/40.42  chroma 25.5%
  8,600/50,000  loss   7.1509  bpp 1.5986  psnr  31.80  aux    32.34  lr 1.00e-04   2.10 it/s  eta  5.48 h  Y/U/V 33.40/40.06/40.24  chroma 25.3%
  8,800/50,000  loss   6.8391  bpp 1.5784  psnr  32.09  aux    23.30  lr 1.00e-04   2.10 it/s  eta  5.46 h  Y/U/V 33.80/40.22/40.37  chroma 25.4%
  9,000/50,000  loss   6.6871  bpp 1.5601  psnr  32.30  aux    32.74  lr 1.00e-04   2.10 it/s  eta  5.43 h  Y/U/V 34.17/40.09/40.10  chroma 25.6%
  9,200/50,000  loss   6.7310  bpp 1.5618  psnr  32.23  aux    27.04  lr 1.00e-04   2.10 it/s  eta  5.40 h  Y/U/V 33.83/40.53/40.57  chroma 25.4%
  9,400/50,000  loss   6.9021  bpp 1.5954  psnr  32.04  aux    33.59  lr 1.00e-04   2.10 it/s  eta  5.38 h  Y/U/V 33.91/39.98/39.98  chroma 25.4%
  9,600/50,000  loss   6.6413  bpp 1.5737  psnr  32.26  aux    23.42  lr 1.00e-04   2.09 it/s  eta  5.36 h  Y/U/V 34.05/40.34/40.40  chroma 25.3%
  9,800/50,000  loss   6.8651  bpp 1.5718  psnr  32.03  aux    29.82  lr 1.00e-04   2.10 it/s  eta  5.33 h  Y/U/V 33.84/40.07/39.97  chroma 25.4%
 10,000/50,000  loss   6.5821  bpp 1.5729  psnr  32.25  aux    28.11  lr 1.00e-04   2.10 it/s  eta  5.30 h  Y/U/V 34.11/40.03/40.23  chroma 25.4%
        rtcheck  act 1.2150  vs est  +0.54%  vs est_q  +0.14%  (sigma grid +0.40%)  oor y 0.000% z 0.000% (uv y 0.000% z 0.499%)  worst z_uv +92 B (+6.5%)  yhat exact  psnr 39.58  **
        valid    loss   9.1778  bpp 1.6104  psnr  33.61
 10,200/50,000  loss   6.8481  bpp 1.6072  psnr  32.11  aux    27.75  lr 1.00e-04   2.04 it/s  eta  5.42 h  Y/U/V 33.86/40.20/40.02  chroma 25.5%
 10,400/50,000  loss   6.6153  bpp 1.5640  psnr  32.25  aux    22.27  lr 1.00e-04   2.10 it/s  eta  5.25 h  Y/U/V 34.03/40.31/40.46  chroma 25.5%
 10,600/50,000  loss   6.5908  bpp 1.5747  psnr  32.28  aux    29.36  lr 1.00e-04   2.10 it/s  eta  5.22 h  Y/U/V 33.98/40.48/40.31  chroma 25.5%
 10,800/50,000  loss   6.8014  bpp 1.5929  psnr  32.07  aux    26.62  lr 1.00e-04   2.10 it/s  eta  5.19 h  Y/U/V 33.92/39.84/40.01  chroma 25.7%
 11,000/50,000  loss   6.7016  bpp 1.5831  psnr  32.25  aux    27.75  lr 1.00e-04   2.10 it/s  eta  5.17 h  Y/U/V 33.95/40.46/40.42  chroma 25.2%
 11,200/50,000  loss   6.8084  bpp 1.5943  psnr  32.20  aux    34.44  lr 1.00e-04   2.10 it/s  eta  5.14 h  Y/U/V 33.89/40.35/40.52  chroma 25.3%
 11,400/50,000  loss   6.6895  bpp 1.5792  psnr  32.35  aux    25.69  lr 1.00e-04   2.10 it/s  eta  5.11 h  Y/U/V 34.08/40.70/40.44  chroma 25.3%
 11,600/50,000  loss   6.7397  bpp 1.6005  psnr  32.19  aux    34.16  lr 1.00e-04   2.10 it/s  eta  5.09 h  Y/U/V 33.91/40.15/40.39  chroma 25.7%
 11,800/50,000  loss   6.7680  bpp 1.5964  psnr  32.04  aux    27.87  lr 1.00e-04   2.10 it/s  eta  5.06 h  Y/U/V 33.83/40.25/40.06  chroma 25.6%
 12,000/50,000  loss   6.6824  bpp 1.5883  psnr  32.20  aux    30.87  lr 1.00e-04   2.10 it/s  eta  5.03 h  Y/U/V 34.00/39.96/40.30  chroma 25.7%
        rtcheck  act 1.2189  vs est  +0.59%  vs est_q  +0.13%  (sigma grid +0.46%)  oor y 0.001% z 0.000% (uv y 0.001% z 0.514%)  worst z_uv +91 B (+6.3%)  yhat exact  psnr 38.91  **
        valid    loss   9.3517  bpp 1.6280  psnr  33.32
 12,200/50,000  loss   6.6727  bpp 1.6076  psnr  32.24  aux    35.64  lr 1.00e-04   2.04 it/s  eta  5.14 h  Y/U/V 34.00/40.46/40.12  chroma 25.6%
 12,400/50,000  loss   6.6115  bpp 1.5863  psnr  32.35  aux    30.95  lr 1.00e-04   2.10 it/s  eta  4.98 h  Y/U/V 34.13/40.26/40.34  chroma 25.4%
 12,600/50,000  loss   6.7359  bpp 1.6025  psnr  32.13  aux    24.29  lr 1.00e-04   2.10 it/s  eta  4.95 h  Y/U/V 33.99/39.92/40.22  chroma 25.6%
 12,800/50,000  loss   6.7525  bpp 1.5932  psnr  32.16  aux    27.24  lr 1.00e-04   2.10 it/s  eta  4.93 h  Y/U/V 33.85/40.24/40.32  chroma 25.4%
 13,000/50,000  loss   6.6972  bpp 1.6230  psnr  32.21  aux    29.63  lr 1.00e-04   2.10 it/s  eta  4.90 h  Y/U/V 33.98/40.13/40.27  chroma 25.7%
 13,200/50,000  loss   6.7022  bpp 1.5852  psnr  32.30  aux    24.66  lr 1.00e-04   2.10 it/s  eta  4.87 h  Y/U/V 34.15/40.27/40.14  chroma 25.6%
 13,400/50,000  loss   6.6834  bpp 1.6092  psnr  32.14  aux    28.80  lr 1.00e-04   2.10 it/s  eta  4.85 h  Y/U/V 33.81/40.32/40.39  chroma 25.5%
 13,600/50,000  loss   6.6139  bpp 1.5899  psnr  32.26  aux    31.64  lr 1.00e-04   2.10 it/s  eta  4.82 h  Y/U/V 34.02/40.57/40.32  chroma 25.6%
 13,800/50,000  loss   6.7546  bpp 1.6075  psnr  32.18  aux    22.72  lr 1.00e-04   2.10 it/s  eta  4.80 h  Y/U/V 34.05/40.12/40.11  chroma 25.5%
 14,000/50,000  loss   6.6587  bpp 1.6059  psnr  32.26  aux    33.35  lr 1.00e-04   2.10 it/s  eta  4.77 h  Y/U/V 34.03/40.22/40.25  chroma 25.7%
        rtcheck  act 1.2350  vs est  +0.76%  vs est_q  +0.11%  (sigma grid +0.66%)  oor y 0.000% z 0.000% (uv y 0.000% z 0.391%)  worst z_uv +76 B (+5.2%)  yhat exact  psnr 39.40  **
        valid    loss   9.4576  bpp 1.6414  psnr  32.86
 14,200/50,000  loss   6.4988  bpp 1.5948  psnr  32.46  aux    34.12  lr 1.00e-04   2.04 it/s  eta  4.86 h  Y/U/V 34.26/40.45/40.46  chroma 25.7%
 14,400/50,000  loss   6.7854  bpp 1.6131  psnr  32.13  aux    33.23  lr 1.00e-04   2.10 it/s  eta  4.71 h  Y/U/V 33.77/40.22/40.43  chroma 25.4%
 14,600/50,000  loss   6.6221  bpp 1.6075  psnr  32.22  aux    29.62  lr 1.00e-04   2.10 it/s  eta  4.69 h  Y/U/V 34.08/40.18/40.20  chroma 25.7%
 14,800/50,000  loss   6.6854  bpp 1.6109  psnr  32.29  aux    30.71  lr 1.00e-04   2.10 it/s  eta  4.66 h  Y/U/V 34.13/40.26/40.14  chroma 25.9%
 15,000/50,000  loss   6.5972  bpp 1.5964  psnr  32.35  aux    39.16  lr 1.00e-04   2.10 it/s  eta  4.64 h  Y/U/V 34.08/40.48/40.43  chroma 25.4%
 15,200/50,000  loss   6.6844  bpp 1.6292  psnr  32.22  aux    32.55  lr 1.00e-04   2.10 it/s  eta  4.61 h  Y/U/V 33.98/40.23/40.09  chroma 25.9%
 15,400/50,000  loss   6.7182  bpp 1.6072  psnr  32.14  aux    26.97  lr 1.00e-04   2.10 it/s  eta  4.58 h  Y/U/V 34.01/40.08/40.03  chroma 25.7%
 15,600/50,000  loss   6.3777  bpp 1.5938  psnr  32.61  aux    25.59  lr 1.00e-04   2.10 it/s  eta  4.56 h  Y/U/V 34.30/40.75/40.76  chroma 25.7%
 15,800/50,000  loss   6.7033  bpp 1.6295  psnr  32.29  aux    28.90  lr 1.00e-04   2.10 it/s  eta  4.53 h  Y/U/V 34.07/40.27/40.27  chroma 25.9%
 16,000/50,000  loss   6.7331  bpp 1.6189  psnr  32.00  aux    29.86  lr 1.00e-04   2.10 it/s  eta  4.50 h  Y/U/V 33.84/40.06/40.05  chroma 25.7%
        rtcheck  act 1.2337  vs est  +0.82%  vs est_q  +0.12%  (sigma grid +0.70%)  oor y 0.000% z 0.000% (uv y 0.000% z 0.427%)  worst z_uv +69 B (+6.2%)  yhat exact  psnr 39.74  **
        valid    loss   8.8955  bpp 1.6431  psnr  33.34
 16,200/50,000  loss   6.5000  bpp 1.6054  psnr  32.41  aux    31.72  lr 1.00e-04   2.04 it/s  eta  4.61 h  Y/U/V 34.25/40.38/40.38  chroma 25.8%
 16,400/50,000  loss   6.7868  bpp 1.6432  psnr  32.05  aux    30.97  lr 1.00e-04   2.10 it/s  eta  4.45 h  Y/U/V 33.77/40.22/40.08  chroma 25.8%
 16,600/50,000  loss   6.5957  bpp 1.6314  psnr  32.31  aux    34.68  lr 1.00e-04   2.10 it/s  eta  4.42 h  Y/U/V 34.09/40.40/40.28  chroma 25.7%
 16,800/50,000  loss   6.5091  bpp 1.6015  psnr  32.45  aux    31.81  lr 1.00e-04   2.10 it/s  eta  4.40 h  Y/U/V 34.36/40.53/40.08  chroma 25.9%
 17,000/50,000  loss   6.7409  bpp 1.6234  psnr  32.20  aux    27.47  lr 1.00e-04   2.10 it/s  eta  4.37 h  Y/U/V 34.10/40.31/39.90  chroma 25.9%
 17,200/50,000  loss   6.4140  bpp 1.6238  psnr  32.51  aux    34.42  lr 1.00e-04   2.10 it/s  eta  4.34 h  Y/U/V 34.15/40.77/40.78  chroma 25.6%
 17,400/50,000  loss   6.6237  bpp 1.6331  psnr  32.30  aux    30.46  lr 1.00e-04   2.10 it/s  eta  4.32 h  Y/U/V 34.03/40.56/40.37  chroma 25.7%
 17,600/50,000  loss   6.4006  bpp 1.6173  psnr  32.50  aux    38.40  lr 1.00e-04   2.10 it/s  eta  4.29 h  Y/U/V 34.30/40.48/40.47  chroma 26.0%
 17,800/50,000  loss   6.5921  bpp 1.6185  psnr  32.38  aux    28.17  lr 1.00e-04   2.10 it/s  eta  4.27 h  Y/U/V 34.01/40.73/40.56  chroma 25.8%
 18,000/50,000  loss   6.4565  bpp 1.6289  psnr  32.41  aux    31.97  lr 1.00e-04   2.10 it/s  eta  4.24 h  Y/U/V 34.23/40.41/40.23  chroma 25.7%
        rtcheck  act 1.2471  vs est  -0.00%  vs est_q  +0.09%  (sigma grid -0.09%)  oor y 0.001% z 0.000% (uv y 0.000% z 0.405%)  worst z_uv +68 B (+5.2%)  yhat exact  psnr 36.77  **
        valid    loss   9.7585  bpp 1.6755  psnr  32.13
 18,200/50,000  loss   6.5955  bpp 1.6372  psnr  32.34  aux    31.07  lr 1.00e-04   2.04 it/s  eta  4.32 h  Y/U/V 34.15/40.19/40.30  chroma 25.8%
 18,400/50,000  loss   6.5987  bpp 1.6274  psnr  32.29  aux    26.91  lr 1.00e-04   2.10 it/s  eta  4.18 h  Y/U/V 34.07/40.53/40.13  chroma 25.8%
 18,600/50,000  loss   6.5032  bpp 1.6247  psnr  32.50  aux    28.48  lr 1.00e-04   2.10 it/s  eta  4.16 h  Y/U/V 34.28/40.52/40.44  chroma 26.0%
 18,800/50,000  loss   6.5146  bpp 1.6463  psnr  32.34  aux    37.32  lr 1.00e-04   2.10 it/s  eta  4.13 h  Y/U/V 34.12/40.35/40.32  chroma 25.7%
 19,000/50,000  loss   6.3999  bpp 1.6204  psnr  32.48  aux    31.20  lr 1.00e-04   2.09 it/s  eta  4.11 h  Y/U/V 34.26/40.57/40.46  chroma 25.9%
 19,200/50,000  loss   6.6603  bpp 1.6293  psnr  32.15  aux    23.12  lr 1.00e-04   2.10 it/s  eta  4.08 h  Y/U/V 34.07/39.95/39.88  chroma 25.8%
 19,400/50,000  loss   6.5944  bpp 1.6395  psnr  32.32  aux    28.21  lr 1.00e-04   2.10 it/s  eta  4.05 h  Y/U/V 34.06/40.36/40.29  chroma 25.9%
 19,600/50,000  loss   6.6128  bpp 1.6400  psnr  32.44  aux    35.14  lr 1.00e-04   2.10 it/s  eta  4.03 h  Y/U/V 34.21/40.57/40.38  chroma 25.8%
 19,800/50,000  loss   6.5367  bpp 1.6342  psnr  32.35  aux    30.23  lr 1.00e-04   2.10 it/s  eta  4.00 h  Y/U/V 34.29/40.38/39.81  chroma 26.0%
 20,000/50,000  loss   6.4657  bpp 1.6288  psnr  32.39  aux    32.92  lr 1.00e-04   2.10 it/s  eta  3.97 h  Y/U/V 34.23/40.66/40.25  chroma 25.8%
        rtcheck  act 1.2406  vs est  +0.74%  vs est_q  +0.06%  (sigma grid +0.68%)  oor y 0.000% z 0.000% (uv y 0.000% z 0.137%)  worst z_uv +29 B (+2.8%)  yhat exact  psnr 39.39  **
        valid    loss   9.1257  bpp 1.6680  psnr  33.16
 20,200/50,000  loss   6.7130  bpp 1.6589  psnr  32.29  aux    33.29  lr 1.00e-04   2.04 it/s  eta  4.05 h  Y/U/V 34.01/40.47/40.37  chroma 25.8%
 20,400/50,000  loss   6.5440  bpp 1.6430  psnr  32.31  aux    27.29  lr 1.00e-04   2.10 it/s  eta  3.92 h  Y/U/V 34.12/39.98/40.47  chroma 25.9%
 20,600/50,000  loss   6.3827  bpp 1.6285  psnr  32.62  aux    36.51  lr 1.00e-04   2.10 it/s  eta  3.89 h  Y/U/V 34.46/40.99/40.38  chroma 25.9%
 20,800/50,000  loss   6.4958  bpp 1.6335  psnr  32.36  aux    30.04  lr 1.00e-04   2.10 it/s  eta  3.87 h  Y/U/V 34.13/40.55/40.29  chroma 26.3%
 21,000/50,000  loss   6.4074  bpp 1.6370  psnr  32.46  aux    29.13  lr 1.00e-04   2.10 it/s  eta  3.84 h  Y/U/V 34.15/40.69/40.60  chroma 25.9%
 21,200/50,000  loss   6.6320  bpp 1.6403  psnr  32.24  aux    25.85  lr 1.00e-04   2.10 it/s  eta  3.81 h  Y/U/V 34.08/40.16/40.27  chroma 26.2%
 21,400/50,000  loss   6.6434  bpp 1.6527  psnr  32.25  aux    30.59  lr 1.00e-04   2.10 it/s  eta  3.79 h  Y/U/V 34.07/40.32/40.29  chroma 26.1%
 21,600/50,000  loss   6.3208  bpp 1.6306  psnr  32.62  aux    38.61  lr 1.00e-04   2.10 it/s  eta  3.76 h  Y/U/V 34.40/40.69/40.81  chroma 25.8%
 21,800/50,000  loss   6.5478  bpp 1.6526  psnr  32.33  aux    32.61  lr 1.00e-04   2.10 it/s  eta  3.74 h  Y/U/V 34.12/40.17/40.45  chroma 26.1%
 22,000/50,000  loss   6.3536  bpp 1.6379  psnr  32.48  aux    30.92  lr 1.00e-04   2.10 it/s  eta  3.71 h  Y/U/V 34.20/40.62/40.59  chroma 26.0%
        rtcheck  act 1.2799  vs est  +1.41%  vs est_q  +0.06%  (sigma grid +1.35%)  oor y 0.000% z 0.000% (uv y 0.000% z 0.181%)  worst z_uv +36 B (+2.7%)  yhat exact  psnr 39.45  **
        valid    loss   8.9889  bpp 1.7133  psnr  33.72
 22,200/50,000  loss   6.6638  bpp 1.6533  psnr  32.44  aux    32.61  lr 1.00e-04   2.04 it/s  eta  3.78 h  Y/U/V 34.25/40.46/40.48  chroma 26.0%
 22,400/50,000  loss   6.4108  bpp 1.6383  psnr  32.48  aux    25.55  lr 1.00e-04   2.10 it/s  eta  3.65 h  Y/U/V 34.31/40.42/40.44  chroma 26.0%
 22,600/50,000  loss   6.5897  bpp 1.6581  psnr  32.29  aux    30.67  lr 1.00e-04   2.10 it/s  eta  3.63 h  Y/U/V 34.15/40.04/40.31  chroma 26.3%
 22,800/50,000  loss   6.4950  bpp 1.6404  psnr  32.43  aux    29.35  lr 1.00e-04   2.10 it/s  eta  3.60 h  Y/U/V 34.21/40.55/40.36  chroma 26.1%
 23,000/50,000  loss   6.3198  bpp 1.6404  psnr  32.68  aux    33.91  lr 1.00e-04   2.10 it/s  eta  3.58 h  Y/U/V 34.36/40.88/40.89  chroma 26.0%
 23,200/50,000  loss   6.6065  bpp 1.6594  psnr  32.22  aux    27.83  lr 1.00e-04   2.10 it/s  eta  3.55 h  Y/U/V 34.02/40.03/40.26  chroma 25.9%
 23,400/50,000  loss   6.3999  bpp 1.6474  psnr  32.49  aux    32.08  lr 1.00e-04   2.10 it/s  eta  3.52 h  Y/U/V 34.32/40.63/40.38  chroma 26.1%
 23,600/50,000  loss   6.6603  bpp 1.6500  psnr  32.36  aux    28.85  lr 1.00e-04   2.10 it/s  eta  3.50 h  Y/U/V 34.15/40.48/40.36  chroma 26.0%
 23,800/50,000  loss   6.3750  bpp 1.6527  psnr  32.49  aux    29.41  lr 1.00e-04   2.10 it/s  eta  3.47 h  Y/U/V 34.25/40.55/40.69  chroma 26.1%
 24,000/50,000  loss   6.5469  bpp 1.6518  psnr  32.27  aux    22.64  lr 1.00e-04   2.10 it/s  eta  3.44 h  Y/U/V 34.25/40.12/39.89  chroma 26.2%
        rtcheck  act 1.2636  vs est  +0.51%  vs est_q  +0.05%  (sigma grid +0.46%)  oor y 0.000% z 0.000% (uv y 0.000% z 0.152%)  worst z_uv +30 B (+2.5%)  yhat exact  psnr 39.61  **
        valid    loss   9.3779  bpp 1.7027  psnr  33.31
 24,200/50,000  loss   6.5823  bpp 1.6596  psnr  32.23  aux    33.18  lr 1.00e-04   2.04 it/s  eta  3.51 h  Y/U/V 34.03/40.27/40.19  chroma 25.9%
 24,400/50,000  loss   6.3829  bpp 1.6436  psnr  32.56  aux    26.91  lr 1.00e-04   2.10 it/s  eta  3.39 h  Y/U/V 34.37/40.62/40.43  chroma 26.3%
 24,600/50,000  loss   6.4485  bpp 1.6524  psnr  32.51  aux    29.20  lr 1.00e-04   2.10 it/s  eta  3.36 h  Y/U/V 34.37/40.35/40.35  chroma 26.2%
 24,800/50,000  loss   6.5390  bpp 1.6552  psnr  32.44  aux    30.10  lr 1.00e-04   2.10 it/s  eta  3.34 h  Y/U/V 34.12/40.51/40.52  chroma 26.2%
 25,000/50,000  loss   6.4664  bpp 1.6520  psnr  32.53  aux    36.76  lr 1.00e-04   2.10 it/s  eta  3.31 h  Y/U/V 34.35/40.56/40.33  chroma 26.4%
 25,200/50,000  loss   6.4299  bpp 1.6537  psnr  32.63  aux    27.14  lr 1.00e-04   2.10 it/s  eta  3.28 h  Y/U/V 34.33/40.82/40.59  chroma 26.2%
 25,400/50,000  loss   6.4443  bpp 1.6626  psnr  32.33  aux    30.36  lr 1.00e-04   2.10 it/s  eta  3.26 h  Y/U/V 34.13/40.38/40.45  chroma 26.1%
 25,600/50,000  loss   6.3404  bpp 1.6573  psnr  32.61  aux    27.14  lr 1.00e-04   2.10 it/s  eta  3.23 h  Y/U/V 34.38/40.63/40.71  chroma 26.1%
 25,800/50,000  loss   6.6105  bpp 1.6604  psnr  32.12  aux    28.82  lr 1.00e-04   2.10 it/s  eta  3.21 h  Y/U/V 34.04/40.21/39.67  chroma 26.2%
 26,000/50,000  loss   6.4281  bpp 1.6613  psnr  32.64  aux    30.15  lr 1.00e-04   2.10 it/s  eta  3.18 h  Y/U/V 34.25/40.98/40.91  chroma 25.9%
        rtcheck  act 1.2738  vs est  +0.83%  vs est_q  +0.06%  (sigma grid +0.78%)  oor y 0.000% z 0.000% (uv y 0.000% z 0.174%)  worst z_uv +32 B (+2.5%)  yhat exact  psnr 39.86  **
        valid    loss   8.6074  bpp 1.7033  psnr  33.80
 26,200/50,000  loss   6.4657  bpp 1.6672  psnr  32.44  aux    26.30  lr 1.00e-04   2.04 it/s  eta  3.24 h  Y/U/V 34.26/40.44/40.32  chroma 26.2%
 26,400/50,000  loss   6.2947  bpp 1.6472  psnr  32.66  aux    23.86  lr 1.00e-04   2.10 it/s  eta  3.13 h  Y/U/V 34.67/40.37/40.31  chroma 26.5%
 26,600/50,000  loss   6.4454  bpp 1.6693  psnr  32.47  aux    28.11  lr 1.00e-04   2.09 it/s  eta  3.11 h  Y/U/V 34.13/40.65/40.71  chroma 26.2%
 26,800/50,000  loss   6.3539  bpp 1.6661  psnr  32.61  aux    27.10  lr 1.00e-04   2.10 it/s  eta  3.07 h  Y/U/V 34.47/40.50/40.34  chroma 26.4%
 27,000/50,000  loss   6.3954  bpp 1.6665  psnr  32.59  aux    36.29  lr 1.00e-04   2.10 it/s  eta  3.05 h  Y/U/V 34.38/40.64/40.44  chroma 26.2%
 27,200/50,000  loss   6.4263  bpp 1.6614  psnr  32.57  aux    34.41  lr 1.00e-04   2.10 it/s  eta  3.02 h  Y/U/V 34.39/40.57/40.56  chroma 26.2%
 27,400/50,000  loss   6.4643  bpp 1.6681  psnr  32.42  aux    24.37  lr 1.00e-04   2.10 it/s  eta  2.99 h  Y/U/V 34.22/40.57/40.34  chroma 26.1%
 27,600/50,000  loss   6.5080  bpp 1.6904  psnr  32.37  aux    26.15  lr 1.00e-04   2.10 it/s  eta  2.97 h  Y/U/V 34.14/40.50/40.43  chroma 26.3%
 27,800/50,000  loss   6.1332  bpp 1.6450  psnr  32.90  aux    31.62  lr 1.00e-04   2.10 it/s  eta  2.94 h  Y/U/V 34.75/40.84/40.69  chroma 26.4%
 28,000/50,000  loss   6.3584  bpp 1.6597  psnr  32.58  aux    29.98  lr 1.00e-04   2.10 it/s  eta  2.91 h  Y/U/V 34.35/40.64/40.73  chroma 26.4%
        rtcheck  act 1.2769  vs est  +0.81%  vs est_q  +0.05%  (sigma grid +0.76%)  oor y 0.000% z 0.000% (uv y 0.000% z 0.145%)  worst z_uv +29 B (+2.3%)  yhat exact  psnr 39.56  **
        valid    loss   8.7059  bpp 1.7103  psnr  33.36
 28,200/50,000  loss   6.3103  bpp 1.6518  psnr  32.75  aux    24.16  lr 1.00e-04   2.04 it/s  eta  2.96 h  Y/U/V 34.59/40.54/40.72  chroma 26.5%
 28,400/50,000  loss   6.4581  bpp 1.6914  psnr  32.48  aux    36.81  lr 1.00e-04   2.10 it/s  eta  2.86 h  Y/U/V 34.25/40.62/40.46  chroma 26.3%
 28,600/50,000  loss   6.3920  bpp 1.6849  psnr  32.41  aux    28.66  lr 1.00e-04   2.10 it/s  eta  2.83 h  Y/U/V 34.06/40.70/40.60  chroma 26.1%
 28,800/50,000  loss   6.3274  bpp 1.6538  psnr  32.66  aux    24.66  lr 1.00e-04   2.10 it/s  eta  2.81 h  Y/U/V 34.56/40.39/40.54  chroma 26.4%
 29,000/50,000  loss   6.2029  bpp 1.6544  psnr  32.65  aux    27.79  lr 1.00e-04   2.10 it/s  eta  2.78 h  Y/U/V 34.37/40.90/40.78  chroma 26.3%
 29,200/50,000  loss   6.5004  bpp 1.6731  psnr  32.60  aux    26.42  lr 1.00e-04   2.10 it/s  eta  2.75 h  Y/U/V 34.50/40.39/40.53  chroma 26.3%
 29,400/50,000  loss   6.3921  bpp 1.6817  psnr  32.51  aux    20.72  lr 1.00e-04   2.10 it/s  eta  2.73 h  Y/U/V 34.37/40.41/40.37  chroma 26.4%
 29,600/50,000  loss   6.3630  bpp 1.6781  psnr  32.61  aux    28.44  lr 1.00e-04   2.10 it/s  eta  2.70 h  Y/U/V 34.49/40.60/40.41  chroma 26.2%
 29,800/50,000  loss   6.2848  bpp 1.6537  psnr  32.48  aux    22.61  lr 1.00e-04   2.10 it/s  eta  2.68 h  Y/U/V 34.35/40.66/40.15  chroma 26.6%
 30,000/50,000  loss   6.2296  bpp 1.6750  psnr  32.73  aux    29.63  lr 1.00e-04   2.10 it/s  eta  2.65 h  Y/U/V 34.63/40.46/40.41  chroma 26.3%
        rtcheck  act 1.2802  vs est  +0.18%  vs est_q  +0.04%  (sigma grid +0.13%)  oor y 0.001% z 0.000% (uv y 0.000% z 0.137%)  worst z_uv +27 B (+2.5%)  yhat exact  psnr 39.92  **
        valid    loss   8.8689  bpp 1.7219  psnr  33.43
 30,200/50,000  loss   6.4980  bpp 1.7019  psnr  32.37  aux    30.99  lr 1.00e-04   2.04 it/s  eta  2.69 h  Y/U/V 34.18/40.44/40.21  chroma 26.3%
 30,400/50,000  loss   6.2924  bpp 1.6734  psnr  32.76  aux    28.55  lr 1.00e-04   2.10 it/s  eta  2.60 h  Y/U/V 34.49/40.88/40.90  chroma 26.2%
 30,600/50,000  loss   6.2107  bpp 1.6566  psnr  32.80  aux    25.59  lr 1.00e-04   2.10 it/s  eta  2.57 h  Y/U/V 34.56/40.89/40.75  chroma 26.6%
 30,800/50,000  loss   6.4909  bpp 1.7019  psnr  32.37  aux    25.95  lr 1.00e-04   2.10 it/s  eta  2.54 h  Y/U/V 34.16/40.32/40.41  chroma 26.4%
 31,000/50,000  loss   6.2651  bpp 1.6585  psnr  32.74  aux    22.95  lr 1.00e-04   2.10 it/s  eta  2.52 h  Y/U/V 34.51/40.80/40.60  chroma 26.3%
 31,200/50,000  loss   6.4932  bpp 1.6900  psnr  32.39  aux    25.02  lr 1.00e-04   2.09 it/s  eta  2.49 h  Y/U/V 34.18/40.49/40.41  chroma 26.3%
 31,400/50,000  loss   6.3793  bpp 1.6773  psnr  32.53  aux    33.77  lr 1.00e-04   2.10 it/s  eta  2.46 h  Y/U/V 34.21/40.61/40.76  chroma 26.4%
 31,600/50,000  loss   6.3524  bpp 1.6784  psnr  32.75  aux    31.37  lr 1.00e-04   2.10 it/s  eta  2.44 h  Y/U/V 34.48/40.81/40.87  chroma 26.3%
 31,800/50,000  loss   6.2715  bpp 1.6762  psnr  32.62  aux    21.07  lr 1.00e-04   2.10 it/s  eta  2.41 h  Y/U/V 34.46/40.53/40.35  chroma 26.4%
 32,000/50,000  loss   6.3144  bpp 1.6914  psnr  32.56  aux    30.62  lr 1.00e-04   2.10 it/s  eta  2.38 h  Y/U/V 34.38/40.58/40.47  chroma 26.6%
        rtcheck  act 1.2727  vs est  +0.17%  vs est_q  +0.05%  (sigma grid +0.13%)  oor y 0.000% z 0.000% (uv y 0.000% z 0.145%)  worst z_uv +26 B (+2.7%)  yhat exact  psnr 39.84  **
        valid    loss   8.7377  bpp 1.7227  psnr  33.54
 32,200/50,000  loss   6.2954  bpp 1.6760  psnr  32.71  aux    28.11  lr 1.00e-04   2.04 it/s  eta  2.42 h  Y/U/V 34.48/40.73/40.66  chroma 26.3%
 32,400/50,000  loss   6.1313  bpp 1.6672  psnr  32.84  aux    31.05  lr 1.00e-04   2.10 it/s  eta  2.33 h  Y/U/V 34.63/40.93/40.86  chroma 26.5%
 32,600/50,000  loss   6.4388  bpp 1.6898  psnr  32.38  aux    24.75  lr 1.00e-04   2.10 it/s  eta  2.30 h  Y/U/V 34.12/40.61/40.42  chroma 26.4%
 32,800/50,000  loss   6.4415  bpp 1.6969  psnr  32.43  aux    28.96  lr 1.00e-04   2.10 it/s  eta  2.28 h  Y/U/V 34.35/40.17/40.37  chroma 26.5%
 33,000/50,000  loss   6.4093  bpp 1.7096  psnr  32.48  aux    34.17  lr 1.00e-04   2.10 it/s  eta  2.25 h  Y/U/V 34.29/40.47/40.43  chroma 26.5%
 33,200/50,000  loss   6.3140  bpp 1.6770  psnr  32.65  aux    31.16  lr 1.00e-04   2.10 it/s  eta  2.23 h  Y/U/V 34.40/40.71/40.84  chroma 26.4%
 33,400/50,000  loss   6.3325  bpp 1.6691  psnr  32.62  aux    26.49  lr 1.00e-04   2.10 it/s  eta  2.20 h  Y/U/V 34.46/40.38/40.66  chroma 26.5%
 33,600/50,000  loss   6.2639  bpp 1.6969  psnr  32.59  aux    28.07  lr 1.00e-04   2.10 it/s  eta  2.17 h  Y/U/V 34.50/40.57/40.26  chroma 26.6%
 33,800/50,000  loss   6.2220  bpp 1.6883  psnr  32.68  aux    24.60  lr 1.00e-04   2.10 it/s  eta  2.15 h  Y/U/V 34.53/40.60/40.40  chroma 26.5%
 34,000/50,000  loss   6.2353  bpp 1.6929  psnr  32.68  aux    28.21  lr 1.00e-04   2.09 it/s  eta  2.12 h  Y/U/V 34.65/40.53/40.47  chroma 26.3%
        rtcheck  act 1.2830  vs est  +0.48%  vs est_q  +0.05%  (sigma grid +0.43%)  oor y 0.001% z 0.000% (uv y 0.000% z 0.145%)  worst z_uv +28 B (+2.4%)  yhat exact  psnr 39.82  **
        valid    loss   8.6683  bpp 1.7446  psnr  33.82
 34,200/50,000  loss   6.2572  bpp 1.6692  psnr  32.71  aux    23.38  lr 1.00e-04   2.04 it/s  eta  2.15 h  Y/U/V 34.55/40.82/40.67  chroma 26.8%
 34,400/50,000  loss   6.5094  bpp 1.6908  psnr  32.40  aux    27.11  lr 1.00e-04   2.10 it/s  eta  2.07 h  Y/U/V 34.24/40.28/40.57  chroma 26.5%
 34,600/50,000  loss   6.3822  bpp 1.7110  psnr  32.55  aux    36.89  lr 1.00e-04   2.10 it/s  eta  2.04 h  Y/U/V 34.24/40.59/40.90  chroma 26.3%
 34,800/50,000  loss   6.2629  bpp 1.6934  psnr  32.70  aux    32.35  lr 1.00e-04   2.10 it/s  eta  2.01 h  Y/U/V 34.55/40.58/40.48  chroma 26.8%
 35,000/50,000  loss   6.1381  bpp 1.6730  psnr  32.75  aux    20.79  lr 1.00e-04   2.10 it/s  eta  1.99 h  Y/U/V 34.63/40.66/40.60  chroma 26.6%
 35,200/50,000  loss   6.2015  bpp 1.6850  psnr  32.84  aux    27.95  lr 1.00e-04   2.10 it/s  eta  1.96 h  Y/U/V 34.66/40.88/40.61  chroma 26.5%
 35,400/50,000  loss   6.2721  bpp 1.6975  psnr  32.72  aux    26.17  lr 1.00e-04   2.10 it/s  eta  1.93 h  Y/U/V 34.57/40.46/40.58  chroma 26.7%
 35,600/50,000  loss   6.1974  bpp 1.6820  psnr  32.67  aux    29.64  lr 1.00e-04   2.10 it/s  eta  1.91 h  Y/U/V 34.42/40.97/40.79  chroma 26.9%
 35,800/50,000  loss   6.2805  bpp 1.7000  psnr  32.76  aux    33.06  lr 1.00e-04   2.09 it/s  eta  1.88 h  Y/U/V 34.45/40.94/41.13  chroma 26.3%
 36,000/50,000  loss   6.2741  bpp 1.6987  psnr  32.77  aux    29.44  lr 1.00e-04   2.10 it/s  eta  1.85 h  Y/U/V 34.63/40.72/40.48  chroma 26.5%
        rtcheck  act 1.3430  vs est  +1.23%  vs est_q  +0.04%  (sigma grid +1.19%)  oor y 0.001% z 0.000% (uv y 0.000% z 0.137%)  worst z_uv +25 B (+2.5%)  yhat exact  psnr 39.01  **
        valid    loss   8.8313  bpp 1.7961  psnr  33.52
 36,200/50,000  loss   6.2975  bpp 1.6974  psnr  32.57  aux    26.53  lr 1.00e-04   2.04 it/s  eta  1.88 h  Y/U/V 34.36/40.83/40.53  chroma 26.7%
 36,400/50,000  loss   6.2470  bpp 1.7144  psnr  32.62  aux    24.16  lr 1.00e-04   2.10 it/s  eta  1.80 h  Y/U/V 34.49/40.49/40.47  chroma 26.8%
 36,600/50,000  loss   6.0232  bpp 1.6844  psnr  32.94  aux    32.75  lr 1.00e-04   2.10 it/s  eta  1.78 h  Y/U/V 34.69/40.91/41.01  chroma 26.5%
 36,800/50,000  loss   6.2969  bpp 1.6961  psnr  32.65  aux    24.77  lr 1.00e-04   2.10 it/s  eta  1.75 h  Y/U/V 34.47/40.62/40.63  chroma 26.5%
 37,000/50,000  loss   6.0357  bpp 1.6947  psnr  32.91  aux    29.86  lr 1.00e-04   2.10 it/s  eta  1.72 h  Y/U/V 34.81/40.81/40.66  chroma 26.7%
 37,200/50,000  loss   6.2409  bpp 1.6996  psnr  32.83  aux    24.59  lr 1.00e-04   2.10 it/s  eta  1.70 h  Y/U/V 34.81/40.79/40.30  chroma 26.9%
 37,400/50,000  loss   6.4368  bpp 1.7237  psnr  32.30  aux    26.48  lr 1.00e-04   2.10 it/s  eta  1.67 h  Y/U/V 34.13/40.25/40.19  chroma 26.5%
 37,600/50,000  loss   6.2278  bpp 1.6868  psnr  32.68  aux    31.64  lr 1.00e-04   2.10 it/s  eta  1.64 h  Y/U/V 34.43/40.86/40.74  chroma 26.6%
 37,800/50,000  loss   6.2397  bpp 1.7111  psnr  32.66  aux    26.56  lr 1.00e-04   2.10 it/s  eta  1.62 h  Y/U/V 34.37/40.87/40.68  chroma 26.3%
 38,000/50,000  loss   6.3938  bpp 1.7143  psnr  32.57  aux    22.48  lr 1.00e-04   2.10 it/s  eta  1.59 h  Y/U/V 34.51/40.43/40.21  chroma 26.9%
        rtcheck  act 1.2970  vs est  +0.66%  vs est_q  +0.04%  (sigma grid +0.62%)  oor y 0.001% z 0.000% (uv y 0.000% z 0.116%)  worst z_uv +23 B (+2.0%)  yhat exact  psnr 39.84  **
        valid    loss   8.6354  bpp 1.7528  psnr  33.79
 38,200/50,000  loss   6.0985  bpp 1.6897  psnr  32.91  aux    25.22  lr 1.00e-04   2.04 it/s  eta  1.60 h  Y/U/V 34.69/40.88/40.91  chroma 26.5%
 38,400/50,000  loss   6.0504  bpp 1.6901  psnr  33.06  aux    34.36  lr 1.00e-04   2.10 it/s  eta  1.54 h  Y/U/V 34.82/41.16/41.11  chroma 26.8%
 38,600/50,000  loss   6.0870  bpp 1.6985  psnr  32.82  aux    25.67  lr 1.00e-04   2.10 it/s  eta  1.51 h  Y/U/V 34.64/40.62/40.76  chroma 26.6%
 38,800/50,000  loss   6.1787  bpp 1.7011  psnr  32.74  aux    28.15  lr 1.00e-04   2.10 it/s  eta  1.48 h  Y/U/V 34.69/40.61/40.33  chroma 26.8%
 39,000/50,000  loss   6.4511  bpp 1.7213  psnr  32.54  aux    24.74  lr 1.00e-04   2.10 it/s  eta  1.46 h  Y/U/V 34.44/40.34/40.22  chroma 26.5%
 39,200/50,000  loss   6.1280  bpp 1.7041  psnr  32.87  aux    26.14  lr 1.00e-04   2.10 it/s  eta  1.43 h  Y/U/V 34.70/40.87/40.69  chroma 26.7%
 39,400/50,000  loss   6.2354  bpp 1.7191  psnr  32.69  aux    32.11  lr 1.00e-04   2.10 it/s  eta  1.40 h  Y/U/V 34.53/40.59/40.62  chroma 26.8%
 39,600/50,000  loss   6.0266  bpp 1.6791  psnr  32.89  aux    29.39  lr 1.00e-04   2.10 it/s  eta  1.38 h  Y/U/V 34.67/40.97/40.84  chroma 26.5%
 39,800/50,000  loss   6.2367  bpp 1.7088  psnr  32.73  aux    24.08  lr 1.00e-04   2.10 it/s  eta  1.35 h  Y/U/V 34.63/40.66/40.40  chroma 26.7%
 40,000/50,000  loss   6.2468  bpp 1.7272  psnr  32.69  aux    34.83  lr 1.00e-04   2.09 it/s  eta  1.33 h  Y/U/V 34.47/40.57/40.79  chroma 26.8%
        rtcheck  act 1.3089  vs est  +0.64%  vs est_q  +0.05%  (sigma grid +0.58%)  oor y 0.001% z 0.000% (uv y 0.000% z 0.101%)  worst z_uv +23 B (+2.1%)  yhat exact  psnr 39.28  **
        valid    loss   8.8091  bpp 1.7729  psnr  33.35
 40,200/50,000  loss   6.0710  bpp 1.6952  psnr  32.96  aux    26.06  lr 1.00e-04   2.04 it/s  eta  1.33 h  Y/U/V 34.77/40.91/40.79  chroma 26.8%
 40,400/50,000  loss   6.2364  bpp 1.7139  psnr  32.69  aux    28.86  lr 1.00e-04   2.10 it/s  eta  1.27 h  Y/U/V 34.50/40.71/40.65  chroma 26.7%
 40,600/50,000  loss   6.3196  bpp 1.7319  psnr  32.50  aux    27.71  lr 1.00e-04   2.10 it/s  eta  1.24 h  Y/U/V 34.26/40.67/40.55  chroma 26.6%
 40,800/50,000  loss   6.0585  bpp 1.6889  psnr  32.83  aux    25.50  lr 1.00e-04   2.10 it/s  eta  1.22 h  Y/U/V 34.84/40.70/40.36  chroma 27.0%
 41,000/50,000  loss   6.2137  bpp 1.7176  psnr  32.74  aux    32.64  lr 1.00e-04   2.10 it/s  eta  1.19 h  Y/U/V 34.61/40.55/40.58  chroma 26.8%
 41,200/50,000  loss   6.1511  bpp 1.7106  psnr  32.83  aux    34.40  lr 1.00e-04   2.10 it/s  eta  1.17 h  Y/U/V 34.60/40.84/40.96  chroma 26.6%
 41,400/50,000  loss   6.2070  bpp 1.7173  psnr  32.83  aux    26.73  lr 1.00e-04   2.10 it/s  eta  1.14 h  Y/U/V 34.72/40.79/40.67  chroma 27.0%
 41,600/50,000  loss   6.0905  bpp 1.7105  psnr  32.89  aux    28.39  lr 1.00e-04   2.10 it/s  eta  1.11 h  Y/U/V 34.70/40.90/40.83  chroma 26.7%
 41,800/50,000  loss   6.2828  bpp 1.7136  psnr  32.66  aux    36.19  lr 1.00e-04   2.10 it/s  eta  1.09 h  Y/U/V 34.51/40.50/40.57  chroma 26.9%
 42,000/50,000  loss   6.1791  bpp 1.7189  psnr  32.85  aux    23.79  lr 1.00e-04   2.10 it/s  eta  1.06 h  Y/U/V 34.73/40.83/40.53  chroma 26.7%
        rtcheck  act 1.2881  vs est  +0.27%  vs est_q  +0.05%  (sigma grid +0.21%)  oor y 0.000% z 0.000% (uv y 0.000% z 0.116%)  worst z_uv +24 B (+2.6%)  yhat exact  psnr 39.08  **
        valid    loss   8.7859  bpp 1.7645  psnr  33.54
 42,200/50,000  loss   6.1714  bpp 1.7248  psnr  32.77  aux    24.33  lr 1.00e-04   2.04 it/s  eta  1.06 h  Y/U/V 34.50/40.92/40.85  chroma 26.7%
 42,400/50,000  loss   5.9894  bpp 1.6955  psnr  33.06  aux    22.24  lr 1.00e-04   2.10 it/s  eta  1.01 h  Y/U/V 34.91/41.06/40.82  chroma 26.8%
 42,600/50,000  loss   6.2562  bpp 1.7095  psnr  32.67  aux    24.63  lr 1.00e-04   2.10 it/s  eta  0.98 h  Y/U/V 34.52/40.76/40.48  chroma 26.8%
 42,800/50,000  loss   6.1303  bpp 1.7241  psnr  32.91  aux    30.94  lr 1.00e-04   2.10 it/s  eta  0.95 h  Y/U/V 34.69/40.95/40.93  chroma 26.7%
 43,000/50,000  loss   6.1288  bpp 1.7092  psnr  32.86  aux    26.20  lr 1.00e-04   2.10 it/s  eta  0.93 h  Y/U/V 34.62/41.02/41.01  chroma 26.7%
 43,200/50,000  loss   6.3159  bpp 1.7263  psnr  32.60  aux    23.66  lr 1.00e-04   2.10 it/s  eta  0.90 h  Y/U/V 34.51/40.51/40.29  chroma 27.1%
 43,400/50,000  loss   6.0550  bpp 1.7119  psnr  33.00  aux    30.68  lr 1.00e-04   2.10 it/s  eta  0.87 h  Y/U/V 34.78/41.01/41.00  chroma 27.0%
 43,600/50,000  loss   5.9916  bpp 1.7122  psnr  33.00  aux    38.30  lr 1.00e-04   2.10 it/s  eta  0.85 h  Y/U/V 34.87/41.03/40.85  chroma 26.7%
 43,800/50,000  loss   6.1555  bpp 1.7413  psnr  32.85  aux    29.80  lr 1.00e-04   2.10 it/s  eta  0.82 h  Y/U/V 34.52/41.00/41.06  chroma 26.8%
 44,000/50,000  loss   6.1299  bpp 1.7170  psnr  32.97  aux    27.89  lr 1.00e-04   2.10 it/s  eta  0.79 h  Y/U/V 34.86/40.73/40.58  chroma 27.1%
        rtcheck  act 1.3228  vs est  +1.20%  vs est_q  +0.03%  (sigma grid +1.17%)  oor y 0.001% z 0.000% (uv y 0.000% z 0.058%)  worst z_uv +17 B (+1.5%)  yhat exact  psnr 39.47  ok
        valid    loss   8.3605  bpp 1.7836  psnr  33.67
 44,200/50,000  loss   6.2140  bpp 1.7445  psnr  32.69  aux    26.55  lr 1.00e-04   2.03 it/s  eta  0.79 h  Y/U/V 34.71/40.44/40.24  chroma 27.0%
 44,400/50,000  loss   6.0205  bpp 1.7091  psnr  32.99  aux    28.66  lr 1.00e-04   2.10 it/s  eta  0.74 h  Y/U/V 34.77/41.06/40.95  chroma 26.8%
 44,600/50,000  loss   5.9903  bpp 1.7165  psnr  32.97  aux    32.34  lr 1.00e-04   2.10 it/s  eta  0.72 h  Y/U/V 34.78/41.12/40.72  chroma 26.8%
 44,800/50,000  loss   6.1262  bpp 1.7238  psnr  32.92  aux    29.01  lr 1.00e-04   2.10 it/s  eta  0.69 h  Y/U/V 34.75/40.78/40.97  chroma 27.0%
 45,000/50,000  loss   6.0920  bpp 1.7316  psnr  32.86  aux    27.77  lr 1.00e-04   2.10 it/s  eta  0.66 h  Y/U/V 34.79/40.73/40.65  chroma 26.9%
 45,200/50,000  loss   6.1041  bpp 1.7182  psnr  32.77  aux    31.90  lr 9.96e-05   2.10 it/s  eta  0.64 h  Y/U/V 34.62/40.70/40.66  chroma 27.1%
 45,400/50,000  loss   6.0020  bpp 1.7256  psnr  33.01  aux    22.47  lr 9.86e-05   2.10 it/s  eta  0.61 h  Y/U/V 34.95/40.85/40.77  chroma 26.9%
 45,600/50,000  loss   6.1043  bpp 1.7207  psnr  32.85  aux    32.05  lr 9.69e-05   2.10 it/s  eta  0.58 h  Y/U/V 34.67/40.88/40.73  chroma 26.8%
 45,800/50,000  loss   6.2285  bpp 1.7369  psnr  32.85  aux    26.42  lr 9.44e-05   2.10 it/s  eta  0.56 h  Y/U/V 34.61/41.01/40.74  chroma 26.9%
 46,000/50,000  loss   5.7720  bpp 1.7114  psnr  33.25  aux    25.36  lr 9.14e-05   2.10 it/s  eta  0.53 h  Y/U/V 35.17/41.14/40.97  chroma 26.9%
        rtcheck  act 1.3027  vs est  +0.31%  vs est_q  +0.03%  (sigma grid +0.28%)  oor y 0.000% z 0.000% (uv y 0.000% z 0.080%)  worst z_uv +21 B (+1.7%)  yhat exact  psnr 39.46  ok
        valid    loss   8.4766  bpp 1.7860  psnr  33.62
 46,200/50,000  loss   6.0353  bpp 1.7266  psnr  32.89  aux    22.19  lr 8.78e-05   2.04 it/s  eta  0.52 h  Y/U/V 34.82/40.71/40.58  chroma 27.1%
 46,400/50,000  loss   5.9428  bpp 1.7274  psnr  33.01  aux    20.50  lr 8.37e-05   2.10 it/s  eta  0.48 h  Y/U/V 34.83/41.18/40.86  chroma 26.5%
 46,600/50,000  loss   5.8700  bpp 1.7323  psnr  33.05  aux    17.74  lr 7.91e-05   2.10 it/s  eta  0.45 h  Y/U/V 34.88/41.08/40.97  chroma 26.9%
 46,800/50,000  loss   5.9163  bpp 1.7513  psnr  33.15  aux    25.71  lr 7.42e-05   2.10 it/s  eta  0.42 h  Y/U/V 35.00/40.99/41.08  chroma 27.0%
 47,000/50,000  loss   5.7702  bpp 1.7271  psnr  33.14  aux    14.73  lr 6.89e-05   2.10 it/s  eta  0.40 h  Y/U/V 34.97/41.10/41.09  chroma 26.8%
 47,200/50,000  loss   5.6813  bpp 1.7082  psnr  33.28  aux    13.18  lr 6.35e-05   2.10 it/s  eta  0.37 h  Y/U/V 34.99/41.39/41.39  chroma 26.8%
 47,400/50,000  loss   5.7313  bpp 1.7460  psnr  33.21  aux    15.36  lr 5.79e-05   2.10 it/s  eta  0.34 h  Y/U/V 34.94/41.13/41.32  chroma 26.8%
 47,600/50,000  loss   5.7532  bpp 1.7462  psnr  33.26  aux    11.91  lr 5.22e-05   2.10 it/s  eta  0.32 h  Y/U/V 35.10/41.24/41.20  chroma 26.8%
 47,800/50,000  loss   5.4995  bpp 1.7137  psnr  33.52  aux    10.72  lr 4.66e-05   2.10 it/s  eta  0.29 h  Y/U/V 35.22/41.67/41.62  chroma 26.8%
 48,000/50,000  loss   5.5422  bpp 1.7374  psnr  33.52  aux     9.50  lr 4.11e-05   2.10 it/s  eta  0.27 h  Y/U/V 35.29/41.73/41.54  chroma 26.7%
        rtcheck  act 1.3301  vs est  +0.62%  vs est_q  +0.05%  (sigma grid +0.57%)  oor y 0.001% z 0.000% (uv y 0.000% z 0.116%)  worst z_uv +23 B (+2.0%)  yhat exact  psnr 40.68  **
        valid    loss   7.6689  bpp 1.8085  psnr  34.45
 48,200/50,000  loss   5.5156  bpp 1.7378  psnr  33.45  aux     8.83  lr 3.59e-05   2.04 it/s  eta  0.25 h  Y/U/V 35.19/41.50/41.62  chroma 26.7%
 48,400/50,000  loss   5.3663  bpp 1.7203  psnr  33.81  aux     8.70  lr 3.09e-05   2.10 it/s  eta  0.21 h  Y/U/V 35.58/41.86/41.78  chroma 27.0%
 48,600/50,000  loss   5.5768  bpp 1.7609  psnr  33.47  aux     8.26  lr 2.63e-05   2.10 it/s  eta  0.19 h  Y/U/V 35.22/41.44/41.63  chroma 26.8%
 48,800/50,000  loss   5.3714  bpp 1.7530  psnr  33.67  aux     7.47  lr 2.22e-05   2.10 it/s  eta  0.16 h  Y/U/V 35.36/41.96/41.85  chroma 26.5%
 49,000/50,000  loss   5.4396  bpp 1.7558  psnr  33.66  aux     7.29  lr 1.86e-05   2.10 it/s  eta  0.13 h  Y/U/V 35.30/41.92/41.99  chroma 26.5%
 49,200/50,000  loss   5.3984  bpp 1.7493  psnr  33.62  aux     7.17  lr 1.56e-05   2.10 it/s  eta  0.11 h  Y/U/V 35.31/41.78/41.76  chroma 26.8%
 49,400/50,000  loss   5.3448  bpp 1.7492  psnr  33.76  aux     7.04  lr 1.32e-05   2.10 it/s  eta  0.08 h  Y/U/V 35.50/41.85/41.84  chroma 26.8%
 49,600/50,000  loss   5.2221  bpp 1.7441  psnr  33.85  aux     6.89  lr 1.14e-05   2.09 it/s  eta  0.05 h  Y/U/V 35.56/42.01/42.06  chroma 26.7%
 49,800/50,000  loss   5.3251  bpp 1.7569  psnr  33.65  aux     6.62  lr 1.04e-05   2.10 it/s  eta  0.03 h  Y/U/V 35.41/41.72/41.72  chroma 26.7%
 50,000/50,000  loss   5.2813  bpp 1.7452  psnr  33.77  aux     6.68  lr 1.00e-05   2.10 it/s  eta  0.00 h  Y/U/V 35.44/41.95/42.05  chroma 26.7%
        rtcheck  act 1.3445  vs est  +0.70%  vs est_q  +0.05%  (sigma grid +0.65%)  oor y 0.000% z 0.000% (uv y 0.000% z 0.109%)  worst z_uv +21 B (+2.0%)  yhat exact  psnr 40.95  ok
        valid    loss   7.4157  bpp 1.8275  psnr  34.83

final    bpp 1.8275  psnr 34.83
gate     actual 1.3445 bpp
         vs estimate with quantised sigma: +0.05%   <- the coder/table gate, target +-0.5%
         vs estimate the loss saw:         +0.70%   (of which +0.65% is the 32-level sigma grid)
         out of table range: y 0.000%  z 0.000%
         per stream (bytes vs that stream's own estimate): y +0.01% (+8.6 B)  y_uv +0.05% (+9.8 B)  z +1.13% (+6.3 B)  z_uv +1.96% (+21.4 B)
         yhat bit-exact through the coder: True
wrote    checkpoints/ladder_p5/beta0.075/final.pt
[5/5] beta 0.2 (lambda*255^2 = 13005)  warm start
----------------------------------------------------------------------
resumed warmstart.pt at step 0

run      ladder_p5/beta0.2
device   mps (Apple Metal)
beta     0.2  (== compressai lambda*255^2 13005)
steps    0 -> 50,000   batch 8  crop 256
out      checkpoints/ladder_p5/beta0.2

TwoBranchCodec  internal 420  split-hyper  luma=160/160  chroma=96/96  concat=256
  part                    params   kMAC/pxl
  g_a_y                2,051,840       47.8
  g_s_y                2,180,513      254.0
  h_a_y                1,152,800        1.5
  h_s_y                2,075,040        1.4
  g_a_uv               1,241,248       14.6
  g_s_uv               1,801,954       66.4
  h_a_uv                 415,200        0.5
  h_s_uv                 747,360        0.5
  eb_y                     9,760           
  eb_uv                    5,856           
  h_scale_y              642,720        0.2
  h_scale_uv             232,032        0.1
  TOTAL               12,556,323      386.8   (47.9 MiB fp32)
  decoder                             322.4   <- compare to paper SOP 8 / BOP 28 / HOP 215
  tables               247.9 KiB

    200/50,000  loss  11.2613  bpp 1.7587  psnr  33.77  aux     7.26  lr 2.00e-05   2.05 it/s  eta  6.76 h  Y/U/V 35.48/41.99/41.90  chroma 26.8%
    400/50,000  loss  11.1331  bpp 1.8055  psnr  33.75  aux     6.88  lr 4.00e-05   2.10 it/s  eta  6.57 h  Y/U/V 35.45/41.93/41.91  chroma 26.4%
    600/50,000  loss  11.6348  bpp 1.8401  psnr  33.53  aux     7.51  lr 6.00e-05   2.10 it/s  eta  6.55 h  Y/U/V 35.28/41.55/41.69  chroma 26.3%
    800/50,000  loss  12.1869  bpp 1.8653  psnr  33.42  aux    11.21  lr 8.00e-05   2.10 it/s  eta  6.52 h  Y/U/V 35.25/41.37/41.27  chroma 26.4%
  1,000/50,000  loss  12.3973  bpp 1.8639  psnr  33.21  aux    12.00  lr 1.00e-04   2.10 it/s  eta  6.49 h  Y/U/V 35.15/41.01/40.86  chroma 26.4%
  1,200/50,000  loss  12.8328  bpp 1.9177  psnr  32.99  aux    17.93  lr 1.00e-04   2.10 it/s  eta  6.47 h  Y/U/V 34.85/41.07/40.77  chroma 25.9%
  1,400/50,000  loss  12.6839  bpp 1.8722  psnr  33.34  aux    22.86  lr 1.00e-04   2.10 it/s  eta  6.44 h  Y/U/V 35.21/41.29/41.19  chroma 26.4%
  1,600/50,000  loss  12.8133  bpp 1.8996  psnr  33.06  aux    26.97  lr 1.00e-04   2.09 it/s  eta  6.42 h  Y/U/V 35.03/40.74/40.74  chroma 26.4%
  1,800/50,000  loss  12.8665  bpp 1.8850  psnr  33.08  aux    22.30  lr 1.00e-04   2.10 it/s  eta  6.39 h  Y/U/V 35.01/40.92/40.49  chroma 26.4%
  2,000/50,000  loss  12.5906  bpp 1.8945  psnr  33.29  aux    36.32  lr 1.00e-04   2.10 it/s  eta  6.36 h  Y/U/V 35.08/41.40/41.27  chroma 26.4%
        rtcheck  act 1.4854  vs est  +0.81%  vs est_q  +0.02%  (sigma grid +0.79%)  oor y 0.001% z 0.000% (uv y 0.000% z 0.029%)  worst z_uv +10 B (+0.9%)  yhat exact  psnr 39.89  ok
        valid    loss  18.6791  bpp 1.9948  psnr  33.99
  2,200/50,000  loss  12.8960  bpp 1.9357  psnr  33.01  aux    28.78  lr 1.00e-04   2.04 it/s  eta  6.52 h  Y/U/V 34.86/40.97/40.82  chroma 26.5%
  2,400/50,000  loss  12.4919  bpp 1.9112  psnr  33.28  aux    23.80  lr 1.00e-04   2.10 it/s  eta  6.31 h  Y/U/V 35.28/41.06/40.88  chroma 26.2%
  2,600/50,000  loss  12.9451  bpp 1.9224  psnr  33.14  aux    22.03  lr 1.00e-04   2.10 it/s  eta  6.28 h  Y/U/V 35.05/40.91/41.05  chroma 26.4%
  2,800/50,000  loss  12.8349  bpp 1.9209  psnr  33.05  aux    25.82  lr 1.00e-04   2.09 it/s  eta  6.28 h  Y/U/V 34.86/41.17/40.95  chroma 26.4%
  3,000/50,000  loss  12.6040  bpp 1.9139  psnr  33.11  aux    26.93  lr 1.00e-04   2.09 it/s  eta  6.25 h  Y/U/V 34.97/41.16/40.93  chroma 26.1%
  3,200/50,000  loss  13.2910  bpp 1.9636  psnr  32.96  aux    35.63  lr 1.00e-04   2.09 it/s  eta  6.21 h  Y/U/V 34.98/40.60/40.64  chroma 26.4%
  3,400/50,000  loss  12.8589  bpp 1.9534  psnr  33.21  aux    29.82  lr 1.00e-04   2.10 it/s  eta  6.18 h  Y/U/V 34.98/41.23/41.10  chroma 26.3%
  3,600/50,000  loss  12.9193  bpp 1.9534  psnr  32.97  aux    23.21  lr 1.00e-04   2.10 it/s  eta  6.15 h  Y/U/V 34.90/40.86/40.82  chroma 26.0%
  3,800/50,000  loss  13.3412  bpp 1.9376  psnr  32.85  aux    18.62  lr 1.00e-04   2.10 it/s  eta  6.12 h  Y/U/V 34.82/40.67/40.54  chroma 26.7%
  4,000/50,000  loss  12.4305  bpp 1.9276  psnr  33.40  aux    29.95  lr 1.00e-04   2.10 it/s  eta  6.09 h  Y/U/V 35.41/41.21/40.94  chroma 26.5%
        rtcheck  act 1.5182  vs est  +1.16%  vs est_q  +0.04%  (sigma grid +1.12%)  oor y 0.000% z 0.000% (uv y 0.000% z 0.036%)  worst z_uv +13 B (+1.4%)  yhat exact  psnr 39.99  ok
        valid    loss  18.8769  bpp 2.0287  psnr  33.80
  4,200/50,000  loss  12.6840  bpp 1.9674  psnr  33.23  aux    31.40  lr 1.00e-04   2.04 it/s  eta  6.23 h  Y/U/V 35.15/40.98/41.04  chroma 26.4%
  4,400/50,000  loss  13.5253  bpp 1.9533  psnr  32.79  aux    26.95  lr 1.00e-04   2.10 it/s  eta  6.04 h  Y/U/V 34.69/40.92/40.60  chroma 26.4%
  4,600/50,000  loss  13.2566  bpp 1.9685  psnr  32.86  aux    24.96  lr 1.00e-04   2.10 it/s  eta  6.01 h  Y/U/V 34.72/40.64/40.94  chroma 26.3%
  4,800/50,000  loss  12.3313  bpp 1.9398  psnr  33.49  aux    37.48  lr 1.00e-04   2.09 it/s  eta  5.99 h  Y/U/V 35.50/41.35/41.09  chroma 26.6%
  5,000/50,000  loss  13.4209  bpp 1.9991  psnr  32.81  aux    30.69  lr 1.00e-04   2.10 it/s  eta  5.96 h  Y/U/V 34.68/40.78/40.63  chroma 26.1%
  5,200/50,000  loss  12.7644  bpp 1.9627  psnr  33.09  aux    27.56  lr 1.00e-04   2.10 it/s  eta  5.93 h  Y/U/V 35.11/40.87/40.71  chroma 26.5%
  5,400/50,000  loss  12.8636  bpp 1.9676  psnr  33.17  aux    27.90  lr 1.00e-04   2.10 it/s  eta  5.91 h  Y/U/V 35.19/40.91/40.66  chroma 26.8%
  5,600/50,000  loss  12.3184  bpp 1.9545  psnr  33.38  aux    30.33  lr 1.00e-04   2.10 it/s  eta  5.88 h  Y/U/V 35.37/41.18/41.07  chroma 26.2%
  5,800/50,000  loss  13.0545  bpp 1.9946  psnr  33.01  aux    34.85  lr 1.00e-04   2.10 it/s  eta  5.86 h  Y/U/V 35.05/40.58/40.44  chroma 26.5%
  6,000/50,000  loss  12.9385  bpp 1.9601  psnr  33.05  aux    26.30  lr 1.00e-04   2.10 it/s  eta  5.83 h  Y/U/V 35.04/40.76/40.77  chroma 26.6%
        rtcheck  act 1.5312  vs est  +0.90%  vs est_q  +0.02%  (sigma grid +0.87%)  oor y 0.001% z 0.000% (uv y 0.000% z 0.043%)  worst z_uv +11 B (+1.1%)  yhat exact  psnr 38.95  ok
        valid    loss  19.4906  bpp 2.0586  psnr  33.16
  6,200/50,000  loss  12.9265  bpp 1.9909  psnr  33.08  aux    19.69  lr 1.00e-04   2.04 it/s  eta  5.96 h  Y/U/V 34.94/41.08/40.96  chroma 26.5%
  6,400/50,000  loss  12.3949  bpp 1.9836  psnr  33.32  aux    36.30  lr 1.00e-04   2.10 it/s  eta  5.78 h  Y/U/V 35.20/41.27/41.09  chroma 26.4%
  6,600/50,000  loss  12.8128  bpp 1.9923  psnr  33.02  aux    28.27  lr 1.00e-04   2.10 it/s  eta  5.75 h  Y/U/V 34.94/40.96/40.86  chroma 26.4%
  6,800/50,000  loss  12.6014  bpp 1.9733  psnr  33.27  aux    26.72  lr 1.00e-04   2.10 it/s  eta  5.72 h  Y/U/V 35.29/41.07/40.89  chroma 26.6%
  7,000/50,000  loss  12.6925  bpp 2.0187  psnr  33.18  aux    25.20  lr 1.00e-04   2.09 it/s  eta  5.71 h  Y/U/V 35.15/40.81/40.96  chroma 26.5%
  7,200/50,000  loss  13.1116  bpp 2.0002  psnr  33.08  aux    30.24  lr 1.00e-04   2.10 it/s  eta  5.67 h  Y/U/V 35.03/40.97/40.59  chroma 26.5%
  7,400/50,000  loss  12.5903  bpp 2.0024  psnr  33.15  aux    23.82  lr 1.00e-04   2.10 it/s  eta  5.65 h  Y/U/V 35.14/40.87/40.96  chroma 26.4%
  7,600/50,000  loss  12.4040  bpp 1.9839  psnr  33.36  aux    27.85  lr 1.00e-04   2.10 it/s  eta  5.62 h  Y/U/V 35.37/41.08/40.89  chroma 26.6%
  7,800/50,000  loss  12.9267  bpp 1.9931  psnr  33.07  aux    22.52  lr 1.00e-04   2.10 it/s  eta  5.59 h  Y/U/V 34.94/40.92/40.89  chroma 26.5%
  8,000/50,000  loss  12.9693  bpp 2.0307  psnr  33.04  aux    31.23  lr 1.00e-04   2.10 it/s  eta  5.56 h  Y/U/V 34.99/40.82/40.79  chroma 26.6%
        rtcheck  act 1.5621  vs est  +0.48%  vs est_q  +0.03%  (sigma grid +0.45%)  oor y 0.000% z 0.000% (uv y 0.000% z 0.014%)  worst y_uv +11 B (+0.0%)  yhat exact  psnr 40.39  ok
        valid    loss  18.2740  bpp 2.1077  psnr  34.07
  8,200/50,000  loss  12.8638  bpp 2.0055  psnr  33.13  aux    27.72  lr 1.00e-04   2.03 it/s  eta  5.71 h  Y/U/V 35.10/40.70/40.83  chroma 26.5%
  8,400/50,000  loss  12.0758  bpp 1.9703  psnr  33.66  aux    28.67  lr 1.00e-04   2.10 it/s  eta  5.51 h  Y/U/V 35.66/41.48/41.06  chroma 26.6%
  8,600/50,000  loss  13.0876  bpp 2.0403  psnr  32.88  aux    34.46  lr 1.00e-04   2.10 it/s  eta  5.48 h  Y/U/V 34.83/40.70/40.47  chroma 26.6%
  8,800/50,000  loss  12.9426  bpp 2.0237  psnr  33.05  aux    27.66  lr 1.00e-04   2.10 it/s  eta  5.46 h  Y/U/V 34.95/40.93/40.93  chroma 26.6%
  9,000/50,000  loss  12.6915  bpp 2.0072  psnr  33.34  aux    25.83  lr 1.00e-04   2.10 it/s  eta  5.43 h  Y/U/V 35.29/41.06/40.97  chroma 26.7%
  9,200/50,000  loss  12.5594  bpp 2.0032  psnr  33.29  aux    22.95  lr 1.00e-04   2.10 it/s  eta  5.40 h  Y/U/V 35.15/41.06/41.24  chroma 26.6%
  9,400/50,000  loss  12.7312  bpp 2.0541  psnr  33.19  aux    43.11  lr 1.00e-04   2.10 it/s  eta  5.38 h  Y/U/V 35.27/40.86/40.84  chroma 26.6%
  9,600/50,000  loss  12.2378  bpp 2.0275  psnr  33.37  aux    28.95  lr 1.00e-04   2.09 it/s  eta  5.36 h  Y/U/V 35.43/41.08/40.98  chroma 26.5%
  9,800/50,000  loss  12.6870  bpp 2.0085  psnr  33.23  aux    21.51  lr 1.00e-04   2.09 it/s  eta  5.34 h  Y/U/V 35.19/40.93/41.10  chroma 26.6%
 10,000/50,000  loss  12.3795  bpp 2.0217  psnr  33.28  aux    26.08  lr 1.00e-04   2.10 it/s  eta  5.30 h  Y/U/V 35.37/40.84/40.80  chroma 26.7%
        rtcheck  act 1.5852  vs est  +0.63%  vs est_q  +0.00%  (sigma grid +0.63%)  oor y 0.002% z 0.000% (uv y 0.000% z 0.000%)  worst y_uv +10 B (+0.0%)  yhat exact  psnr 39.55  ok
        valid    loss  17.7548  bpp 2.1325  psnr  34.29
 10,200/50,000  loss  12.7470  bpp 2.0636  psnr  33.18  aux    33.58  lr 1.00e-04   2.04 it/s  eta  5.43 h  Y/U/V 35.12/41.03/40.78  chroma 26.6%
 10,400/50,000  loss  12.4814  bpp 2.0198  psnr  33.27  aux    25.40  lr 1.00e-04   2.10 it/s  eta  5.24 h  Y/U/V 35.33/40.91/40.95  chroma 26.6%
 10,600/50,000  loss  12.2871  bpp 2.0294  psnr  33.33  aux    25.60  lr 1.00e-04   2.10 it/s  eta  5.22 h  Y/U/V 35.30/41.07/40.92  chroma 26.7%
 10,800/50,000  loss  12.8090  bpp 2.0415  psnr  33.09  aux    26.89  lr 1.00e-04   2.10 it/s  eta  5.20 h  Y/U/V 35.28/40.41/40.36  chroma 26.8%
 11,000/50,000  loss  12.6125  bpp 2.0388  psnr  33.29  aux    22.03  lr 1.00e-04   2.10 it/s  eta  5.17 h  Y/U/V 35.26/41.07/40.92  chroma 26.4%
 11,200/50,000  loss  12.6065  bpp 2.0406  psnr  33.22  aux    28.82  lr 1.00e-04   2.10 it/s  eta  5.14 h  Y/U/V 35.24/40.76/40.85  chroma 26.5%
 11,400/50,000  loss  12.1124  bpp 2.0318  psnr  33.58  aux    30.17  lr 1.00e-04   2.10 it/s  eta  5.12 h  Y/U/V 35.53/41.44/41.27  chroma 26.4%
 11,600/50,000  loss  12.5193  bpp 2.0562  psnr  33.25  aux    29.04  lr 1.00e-04   2.10 it/s  eta  5.09 h  Y/U/V 35.15/40.96/41.08  chroma 26.8%
 11,800/50,000  loss  12.7470  bpp 2.0488  psnr  33.02  aux    27.80  lr 1.00e-04   2.10 it/s  eta  5.06 h  Y/U/V 35.07/40.83/40.70  chroma 26.7%
 12,000/50,000  loss  12.4382  bpp 2.0391  psnr  33.29  aux    27.23  lr 1.00e-04   2.10 it/s  eta  5.04 h  Y/U/V 35.34/40.81/40.91  chroma 26.8%
        rtcheck  act 1.6141  vs est  +0.78%  vs est_q  +0.00%  (sigma grid +0.78%)  oor y 0.001% z 0.000% (uv y 0.000% z 0.051%)  worst z_uv +15 B (+1.6%)  yhat exact  psnr 38.76  ok
        valid    loss  19.2658  bpp 2.1851  psnr  33.17
 12,200/50,000  loss  12.5484  bpp 2.0631  psnr  33.23  aux    28.52  lr 1.00e-04   2.04 it/s  eta  5.14 h  Y/U/V 35.31/40.97/40.59  chroma 26.7%
 12,400/50,000  loss  12.3394  bpp 2.0380  psnr  33.37  aux    30.34  lr 1.00e-04   2.10 it/s  eta  4.98 h  Y/U/V 35.33/41.07/41.06  chroma 26.7%
 12,600/50,000  loss  12.5389  bpp 2.0635  psnr  33.22  aux    31.74  lr 1.00e-04   2.10 it/s  eta  4.95 h  Y/U/V 35.25/40.90/40.79  chroma 26.8%
 12,800/50,000  loss  12.3804  bpp 2.0461  psnr  33.35  aux    20.66  lr 1.00e-04   2.10 it/s  eta  4.93 h  Y/U/V 35.28/41.28/40.95  chroma 26.6%
 13,000/50,000  loss  12.2856  bpp 2.0815  psnr  33.34  aux    26.81  lr 1.00e-04   2.10 it/s  eta  4.90 h  Y/U/V 35.34/40.81/41.03  chroma 26.7%
 13,200/50,000  loss  12.5387  bpp 2.0370  psnr  33.27  aux    23.16  lr 1.00e-04   2.10 it/s  eta  4.88 h  Y/U/V 35.42/40.68/40.73  chroma 27.0%
 13,400/50,000  loss  12.4295  bpp 2.0627  psnr  33.23  aux    23.71  lr 1.00e-04   2.10 it/s  eta  4.85 h  Y/U/V 35.13/41.01/41.09  chroma 26.6%
 13,600/50,000  loss  12.2564  bpp 2.0507  psnr  33.48  aux    29.75  lr 1.00e-04   2.09 it/s  eta  4.84 h  Y/U/V 35.42/41.44/41.21  chroma 26.6%
 13,800/50,000  loss  12.6613  bpp 2.0776  psnr  33.24  aux    37.85  lr 1.00e-04   2.09 it/s  eta  4.82 h  Y/U/V 35.30/40.81/41.01  chroma 26.7%
 14,000/50,000  loss  12.4154  bpp 2.0579  psnr  33.30  aux    21.68  lr 1.00e-04   2.09 it/s  eta  4.78 h  Y/U/V 35.31/40.92/40.84  chroma 26.8%
        rtcheck  act 1.6230  vs est  +0.75%  vs est_q  +0.03%  (sigma grid +0.72%)  oor y 0.001% z 0.000% (uv y 0.000% z 0.014%)  worst y +14 B (+0.0%)  yhat exact  psnr 40.80  ok
        valid    loss  18.1349  bpp 2.1768  psnr  34.14
 14,200/50,000  loss  12.4682  bpp 2.0601  psnr  33.43  aux    31.39  lr 1.00e-04   2.04 it/s  eta  4.87 h  Y/U/V 35.47/41.30/40.93  chroma 26.9%
 14,400/50,000  loss  12.3669  bpp 2.0652  psnr  33.26  aux    22.72  lr 1.00e-04   2.10 it/s  eta  4.72 h  Y/U/V 35.12/41.10/41.11  chroma 26.7%
 14,600/50,000  loss  12.2179  bpp 2.0708  psnr  33.37  aux    24.39  lr 1.00e-04   2.10 it/s  eta  4.69 h  Y/U/V 35.40/41.07/41.02  chroma 26.8%
 14,800/50,000  loss  12.5688  bpp 2.0786  psnr  33.36  aux    25.41  lr 1.00e-04   2.10 it/s  eta  4.66 h  Y/U/V 35.48/41.02/40.67  chroma 27.0%
 15,000/50,000  loss  11.9756  bpp 2.0558  psnr  33.63  aux    33.51  lr 1.00e-04   2.09 it/s  eta  4.65 h  Y/U/V 35.63/41.48/41.18  chroma 26.5%
 15,200/50,000  loss  12.5853  bpp 2.0980  psnr  33.15  aux    29.44  lr 1.00e-04   2.07 it/s  eta  4.66 h  Y/U/V 35.16/40.85/40.68  chroma 27.0%
 15,400/50,000  loss  12.4248  bpp 2.0732  psnr  33.28  aux    20.90  lr 1.00e-04   2.05 it/s  eta  4.68 h  Y/U/V 35.36/40.92/40.81  chroma 26.9%
 15,600/50,000  loss  11.9506  bpp 2.0636  psnr  33.69  aux    28.10  lr 1.00e-04   2.03 it/s  eta  4.70 h  Y/U/V 35.59/41.41/41.55  chroma 26.8%
 15,800/50,000  loss  12.3705  bpp 2.0886  psnr  33.33  aux    21.94  lr 1.00e-04   2.07 it/s  eta  4.58 h  Y/U/V 35.32/41.04/41.06  chroma 27.0%
 16,000/50,000  loss  12.4827  bpp 2.0888  psnr  33.08  aux    30.66  lr 1.00e-04   2.05 it/s  eta  4.60 h  Y/U/V 35.13/40.89/40.47  chroma 26.7%
        rtcheck  act 1.6366  vs est  +1.12%  vs est_q  +0.02%  (sigma grid +1.10%)  oor y 0.001% z 0.000% (uv y 0.000% z 0.000%)  worst y_uv +9 B (+0.0%)  yhat exact  psnr 39.66  ok
        valid    loss  18.0432  bpp 2.1902  psnr  33.88
 16,200/50,000  loss  11.9727  bpp 2.0630  psnr  33.52  aux    26.35  lr 1.00e-04   2.02 it/s  eta  4.64 h  Y/U/V 35.63/41.05/40.90  chroma 26.9%
 16,400/50,000  loss  12.5879  bpp 2.1162  psnr  33.12  aux    33.91  lr 1.00e-04   2.09 it/s  eta  4.47 h  Y/U/V 35.14/40.88/40.69  chroma 26.8%
 16,600/50,000  loss  12.3146  bpp 2.1072  psnr  33.28  aux    39.45  lr 1.00e-04   2.08 it/s  eta  4.47 h  Y/U/V 35.35/40.87/40.84  chroma 26.8%
 16,800/50,000  loss  12.1573  bpp 2.0615  psnr  33.59  aux    26.95  lr 1.00e-04   2.09 it/s  eta  4.42 h  Y/U/V 35.59/41.35/41.32  chroma 26.9%
 17,000/50,000  loss  12.6101  bpp 2.0953  psnr  33.28  aux    21.97  lr 1.00e-04   2.08 it/s  eta  4.41 h  Y/U/V 35.55/40.83/40.41  chroma 27.1%
 17,200/50,000  loss  12.1288  bpp 2.0968  psnr  33.37  aux    30.17  lr 1.00e-04   2.08 it/s  eta  4.37 h  Y/U/V 35.40/40.95/40.96  chroma 26.8%
 17,400/50,000  loss  12.1836  bpp 2.1025  psnr  33.45  aux    28.01  lr 1.00e-04   2.08 it/s  eta  4.34 h  Y/U/V 35.37/41.32/41.18  chroma 26.8%
 17,600/50,000  loss  11.9681  bpp 2.0803  psnr  33.52  aux    29.79  lr 1.00e-04   2.09 it/s  eta  4.31 h  Y/U/V 35.61/41.06/41.09  chroma 27.2%
 17,800/50,000  loss  12.6024  bpp 2.0848  psnr  33.33  aux    21.09  lr 1.00e-04   2.09 it/s  eta  4.29 h  Y/U/V 35.17/41.35/41.12  chroma 26.9%
 18,000/50,000  loss  11.8998  bpp 2.0951  psnr  33.48  aux    28.26  lr 1.00e-04   2.09 it/s  eta  4.26 h  Y/U/V 35.56/41.11/40.94  chroma 26.9%
        rtcheck  act 1.6548  vs est  +0.42%  vs est_q  +0.03%  (sigma grid +0.39%)  oor y 0.000% z 0.000% (uv y 0.000% z 0.000%)  worst y +17 B (+0.0%)  yhat exact  psnr 37.37  ok
        valid    loss  18.8908  bpp 2.2218  psnr  32.91
 18,200/50,000  loss  12.1755  bpp 2.1072  psnr  33.41  aux    26.55  lr 1.00e-04   2.03 it/s  eta  4.34 h  Y/U/V 35.47/40.87/41.00  chroma 27.1%
 18,400/50,000  loss  12.3692  bpp 2.0902  psnr  33.32  aux    27.70  lr 1.00e-04   2.09 it/s  eta  4.20 h  Y/U/V 35.35/40.97/40.82  chroma 27.0%
 18,600/50,000  loss  12.4910  bpp 2.0968  psnr  33.39  aux    20.55  lr 1.00e-04   2.09 it/s  eta  4.18 h  Y/U/V 35.45/41.07/40.96  chroma 27.3%
 18,800/50,000  loss  12.1535  bpp 2.1243  psnr  33.44  aux    34.80  lr 1.00e-04   2.08 it/s  eta  4.16 h  Y/U/V 35.39/41.30/41.04  chroma 26.8%
 19,000/50,000  loss  12.2358  bpp 2.0886  psnr  33.34  aux    25.03  lr 1.00e-04   2.08 it/s  eta  4.13 h  Y/U/V 35.43/41.05/40.84  chroma 27.0%
 19,200/50,000  loss  12.2854  bpp 2.1006  psnr  33.36  aux    23.78  lr 1.00e-04   2.03 it/s  eta  4.21 h  Y/U/V 35.47/40.90/40.73  chroma 27.1%
 19,400/50,000  loss  12.4775  bpp 2.1128  psnr  33.34  aux    28.08  lr 1.00e-04   2.05 it/s  eta  4.14 h  Y/U/V 35.25/41.26/40.96  chroma 27.0%
 19,600/50,000  loss  12.4091  bpp 2.1049  psnr  33.47  aux    29.38  lr 1.00e-04   1.89 it/s  eta  4.47 h  Y/U/V 35.44/41.33/41.00  chroma 27.0%
 19,800/50,000  loss  11.9872  bpp 2.0986  psnr  33.45  aux    26.80  lr 1.00e-04   2.07 it/s  eta  4.05 h  Y/U/V 35.66/40.97/40.54  chroma 27.1%
 20,000/50,000  loss  11.7069  bpp 2.0933  psnr  33.62  aux    28.87  lr 1.00e-04   2.08 it/s  eta  4.00 h  Y/U/V 35.59/41.55/41.32  chroma 26.9%
        rtcheck  act 1.7189  vs est  +0.37%  vs est_q  +0.01%  (sigma grid +0.36%)  oor y 0.001% z 0.000% (uv y 0.000% z 0.007%)  worst y_uv +11 B (+0.0%)  yhat exact  psnr 39.67  ok
        valid    loss  18.6311  bpp 2.2856  psnr  34.08
 20,200/50,000  loss  12.4129  bpp 2.1282  psnr  33.34  aux    29.93  lr 1.00e-04   2.03 it/s  eta  4.08 h  Y/U/V 35.27/41.23/40.94  chroma 26.9%
 20,400/50,000  loss  12.1508  bpp 2.1204  psnr  33.34  aux    27.88  lr 1.00e-04   2.08 it/s  eta  3.95 h  Y/U/V 35.46/40.78/40.76  chroma 27.2%
 20,600/50,000  loss  11.8737  bpp 2.0942  psnr  33.63  aux    33.07  lr 1.00e-04   1.80 it/s  eta  4.53 h  Y/U/V 35.70/41.39/41.14  chroma 26.9%
 20,800/50,000  loss  12.1145  bpp 2.0994  psnr  33.37  aux    24.50  lr 1.00e-04   1.47 it/s  eta  5.50 h  Y/U/V 35.46/41.04/40.72  chroma 27.4%
 21,000/50,000  loss  11.8626  bpp 2.1082  psnr  33.57  aux    27.74  lr 1.00e-04   1.46 it/s  eta  5.52 h  Y/U/V 35.52/41.39/41.25  chroma 27.1%
 21,200/50,000  loss  12.5367  bpp 2.1199  psnr  33.22  aux    28.17  lr 1.00e-04   1.67 it/s  eta  4.78 h  Y/U/V 35.34/40.60/40.76  chroma 27.4%
 21,400/50,000  loss  12.3764  bpp 2.1286  psnr  33.42  aux    24.07  lr 1.00e-04   1.71 it/s  eta  4.64 h  Y/U/V 35.38/41.26/41.24  chroma 27.2%
 21,600/50,000  loss  11.7053  bpp 2.0941  psnr  33.67  aux    25.76  lr 1.00e-04   1.45 it/s  eta  5.46 h  Y/U/V 35.67/41.43/41.42  chroma 26.9%
 21,800/50,000  loss  12.2931  bpp 2.1301  psnr  33.38  aux    28.37  lr 1.00e-04   1.76 it/s  eta  4.46 h  Y/U/V 35.37/40.98/41.02  chroma 27.3%
 22,000/50,000  loss  11.7927  bpp 2.1145  psnr  33.56  aux    34.17  lr 1.00e-04   1.90 it/s  eta  4.09 h  Y/U/V 35.42/41.42/41.33  chroma 26.9%
        rtcheck  act 1.6772  vs est  +1.30%  vs est_q  +0.01%  (sigma grid +1.28%)  oor y 0.001% z 0.000% (uv y 0.000% z 0.000%)  worst y_uv +13 B (+0.0%)  yhat exact  psnr 40.06  ok
        valid    loss  17.4079  bpp 2.2400  psnr  34.59
 22,200/50,000  loss  12.1807  bpp 2.1196  psnr  33.59  aux    30.86  lr 1.00e-04   1.99 it/s  eta  3.88 h  Y/U/V 35.65/41.29/41.07  chroma 27.4%
 22,400/50,000  loss  11.7333  bpp 2.1061  psnr  33.61  aux    26.11  lr 1.00e-04   2.07 it/s  eta  3.70 h  Y/U/V 35.73/41.16/40.99  chroma 27.3%
 22,600/50,000  loss  12.3137  bpp 2.1369  psnr  33.38  aux    26.77  lr 1.00e-04   2.04 it/s  eta  3.74 h  Y/U/V 35.42/41.02/40.86  chroma 27.5%
 22,800/50,000  loss  12.0710  bpp 2.1055  psnr  33.42  aux    25.98  lr 1.00e-04   2.06 it/s  eta  3.67 h  Y/U/V 35.56/40.88/40.88  chroma 27.3%
 23,000/50,000  loss  11.8064  bpp 2.1137  psnr  33.69  aux    28.68  lr 1.00e-04   2.02 it/s  eta  3.72 h  Y/U/V 35.61/41.57/41.38  chroma 27.0%
 23,200/50,000  loss  12.1959  bpp 2.1341  psnr  33.49  aux    32.62  lr 1.00e-04   2.06 it/s  eta  3.61 h  Y/U/V 35.44/41.32/41.11  chroma 27.1%
 23,400/50,000  loss  11.8705  bpp 2.1168  psnr  33.58  aux    26.47  lr 1.00e-04   2.01 it/s  eta  3.67 h  Y/U/V 35.56/41.30/41.20  chroma 27.3%
 23,600/50,000  loss  12.0111  bpp 2.1227  psnr  33.57  aux    30.30  lr 1.00e-04   1.95 it/s  eta  3.77 h  Y/U/V 35.50/41.42/41.27  chroma 27.2%
 23,800/50,000  loss  11.7564  bpp 2.1327  psnr  33.61  aux    26.46  lr 1.00e-04   2.01 it/s  eta  3.62 h  Y/U/V 35.65/41.13/41.27  chroma 27.4%
 24,000/50,000  loss  12.0408  bpp 2.1320  psnr  33.46  aux    25.43  lr 1.00e-04   1.94 it/s  eta  3.72 h  Y/U/V 35.55/41.13/40.94  chroma 27.4%
        rtcheck  act 1.6570  vs est  +0.82%  vs est_q  +0.02%  (sigma grid +0.80%)  oor y 0.001% z 0.000% (uv y 0.000% z 0.000%)  worst y_uv +13 B (+0.0%)  yhat exact  psnr 40.20  ok
        valid    loss  17.5127  bpp 2.2510  psnr  34.25
 24,200/50,000  loss  12.4825  bpp 2.1337  psnr  33.17  aux    18.03  lr 1.00e-04   1.82 it/s  eta  3.94 h  Y/U/V 35.21/40.91/40.72  chroma 27.2%
 24,400/50,000  loss  12.1454  bpp 2.1208  psnr  33.42  aux    19.62  lr 1.00e-04   1.89 it/s  eta  3.76 h  Y/U/V 35.54/41.07/40.79  chroma 27.4%
 24,600/50,000  loss  11.9926  bpp 2.1223  psnr  33.64  aux    25.39  lr 1.00e-04   1.45 it/s  eta  4.88 h  Y/U/V 35.71/41.32/41.07  chroma 27.3%
 24,800/50,000  loss  12.0120  bpp 2.1312  psnr  33.58  aux    31.04  lr 1.00e-04   2.00 it/s  eta  3.50 h  Y/U/V 35.51/41.23/41.26  chroma 27.5%
 25,000/50,000  loss  12.1749  bpp 2.1241  psnr  33.44  aux    20.91  lr 1.00e-04   2.06 it/s  eta  3.37 h  Y/U/V 35.53/41.06/40.78  chroma 27.5%
 25,200/50,000  loss  12.2307  bpp 2.1282  psnr  33.48  aux    25.08  lr 1.00e-04   2.04 it/s  eta  3.37 h  Y/U/V 35.47/41.32/40.84  chroma 27.4%
 25,400/50,000  loss  11.8499  bpp 2.1443  psnr  33.56  aux    43.81  lr 1.00e-04   2.06 it/s  eta  3.31 h  Y/U/V 35.47/41.51/41.45  chroma 27.3%
 25,600/50,000  loss  11.6912  bpp 2.1367  psnr  33.68  aux    33.19  lr 1.00e-04   2.08 it/s  eta  3.26 h  Y/U/V 35.71/41.22/41.39  chroma 27.4%
 25,800/50,000  loss  12.0979  bpp 2.1348  psnr  33.37  aux    25.49  lr 1.00e-04   2.08 it/s  eta  3.23 h  Y/U/V 35.34/41.42/40.99  chroma 27.4%
 26,000/50,000  loss  11.7141  bpp 2.1339  psnr  33.65  aux    24.87  lr 1.00e-04   2.08 it/s  eta  3.21 h  Y/U/V 35.51/41.62/41.53  chroma 27.1%
        rtcheck  act 1.6705  vs est  +0.81%  vs est_q  +0.01%  (sigma grid +0.80%)  oor y 0.001% z 0.000% (uv y 0.000% z 0.000%)  worst y_uv +10 B (+0.0%)  yhat exact  psnr 41.18  ok
        valid    loss  16.6567  bpp 2.2513  psnr  34.81
 26,200/50,000  loss  12.0648  bpp 2.1551  psnr  33.41  aux    25.58  lr 1.00e-04   2.02 it/s  eta  3.27 h  Y/U/V 35.39/41.07/40.94  chroma 27.6%
 26,400/50,000  loss  11.8935  bpp 2.1331  psnr  33.69  aux    31.11  lr 1.00e-04   2.09 it/s  eta  3.14 h  Y/U/V 35.89/41.07/41.02  chroma 27.6%
 26,600/50,000  loss  11.9671  bpp 2.1503  psnr  33.45  aux    29.13  lr 1.00e-04   2.09 it/s  eta  3.12 h  Y/U/V 35.40/41.13/41.19  chroma 27.5%
 26,800/50,000  loss  11.8163  bpp 2.1481  psnr  33.55  aux    26.22  lr 1.00e-04   2.09 it/s  eta  3.09 h  Y/U/V 35.73/40.91/40.98  chroma 27.6%
 27,000/50,000  loss  12.0030  bpp 2.1383  psnr  33.57  aux    30.29  lr 1.00e-04   2.09 it/s  eta  3.06 h  Y/U/V 35.46/41.58/41.32  chroma 27.4%
 27,200/50,000  loss  11.9858  bpp 2.1271  psnr  33.56  aux    22.06  lr 1.00e-04   2.09 it/s  eta  3.04 h  Y/U/V 35.59/41.28/41.11  chroma 27.6%
 27,400/50,000  loss  12.2148  bpp 2.1554  psnr  33.38  aux    27.95  lr 1.00e-04   2.09 it/s  eta  3.01 h  Y/U/V 35.46/41.06/40.83  chroma 27.4%
 27,600/50,000  loss  12.0151  bpp 2.1737  psnr  33.42  aux    25.61  lr 1.00e-04   2.09 it/s  eta  2.98 h  Y/U/V 35.35/41.29/41.27  chroma 27.5%
 27,800/50,000  loss  11.2902  bpp 2.1166  psnr  33.94  aux    33.96  lr 1.00e-04   2.09 it/s  eta  2.96 h  Y/U/V 36.05/41.63/41.25  chroma 27.7%
 28,000/50,000  loss  11.8404  bpp 2.1359  psnr  33.63  aux    25.55  lr 1.00e-04   2.09 it/s  eta  2.93 h  Y/U/V 35.68/41.27/41.25  chroma 27.6%
        rtcheck  act 1.6762  vs est  +0.53%  vs est_q  +0.03%  (sigma grid +0.50%)  oor y 0.001% z 0.000% (uv y 0.000% z 0.000%)  worst y +18 B (+0.0%)  yhat exact  psnr 38.95  ok
        valid    loss  18.4456  bpp 2.2622  psnr  33.88
 28,200/50,000  loss  11.7512  bpp 2.1305  psnr  33.67  aux    29.22  lr 1.00e-04   2.03 it/s  eta  2.98 h  Y/U/V 35.83/41.05/41.17  chroma 27.7%
 28,400/50,000  loss  11.9916  bpp 2.1605  psnr  33.39  aux    24.04  lr 1.00e-04   2.09 it/s  eta  2.88 h  Y/U/V 35.39/41.18/40.95  chroma 27.7%
 28,600/50,000  loss  12.2365  bpp 2.1693  psnr  33.31  aux    25.32  lr 1.00e-04   2.09 it/s  eta  2.85 h  Y/U/V 35.14/41.15/41.27  chroma 27.4%
 28,800/50,000  loss  11.7902  bpp 2.1318  psnr  33.74  aux    20.97  lr 1.00e-04   2.09 it/s  eta  2.82 h  Y/U/V 35.79/41.39/41.36  chroma 27.7%
 29,000/50,000  loss  11.6399  bpp 2.1353  psnr  33.68  aux    31.04  lr 1.00e-04   2.07 it/s  eta  2.81 h  Y/U/V 35.54/41.70/41.60  chroma 27.5%
 29,200/50,000  loss  12.5252  bpp 2.1646  psnr  33.36  aux    28.83  lr 1.00e-04   2.00 it/s  eta  2.89 h  Y/U/V 35.44/41.00/40.96  chroma 27.3%
 29,400/50,000  loss  11.9746  bpp 2.1640  psnr  33.55  aux    27.03  lr 1.00e-04   1.94 it/s  eta  2.95 h  Y/U/V 35.61/41.04/41.05  chroma 27.9%
 29,600/50,000  loss  11.8866  bpp 2.1592  psnr  33.67  aux    30.74  lr 1.00e-04   1.94 it/s  eta  2.93 h  Y/U/V 35.69/41.53/41.05  chroma 27.6%
 29,800/50,000  loss  11.9358  bpp 2.1369  psnr  33.49  aux    28.69  lr 1.00e-04   2.00 it/s  eta  2.80 h  Y/U/V 35.61/41.14/40.98  chroma 27.8%
 30,000/50,000  loss  11.8006  bpp 2.1523  psnr  33.64  aux    40.06  lr 1.00e-04   1.96 it/s  eta  2.83 h  Y/U/V 35.75/41.05/41.12  chroma 27.7%
        rtcheck  act 1.6833  vs est  +0.55%  vs est_q  +0.00%  (sigma grid +0.55%)  oor y 0.001% z 0.000% (uv y 0.000% z 0.000%)  worst z_uv +8 B (+0.9%)  yhat exact  psnr 40.32  ok
        valid    loss  17.7169  bpp 2.2784  psnr  34.22
 30,200/50,000  loss  12.3214  bpp 2.1739  psnr  33.25  aux    16.73  lr 1.00e-04   1.72 it/s  eta  3.19 h  Y/U/V 35.26/41.08/40.78  chroma 27.7%
 30,400/50,000  loss  11.7974  bpp 2.1531  psnr  33.75  aux    31.43  lr 1.00e-04   1.67 it/s  eta  3.27 h  Y/U/V 35.69/41.59/41.51  chroma 27.6%
 30,600/50,000  loss  12.0437  bpp 2.1358  psnr  33.62  aux    34.64  lr 1.00e-04   1.84 it/s  eta  2.94 h  Y/U/V 35.60/41.57/41.04  chroma 27.8%
 30,800/50,000  loss  12.1443  bpp 2.1883  psnr  33.38  aux    33.66  lr 1.00e-04   1.98 it/s  eta  2.69 h  Y/U/V 35.35/41.00/41.09  chroma 27.8%
 31,000/50,000  loss  11.3137  bpp 2.1281  psnr  33.87  aux    23.86  lr 1.00e-04   2.07 it/s  eta  2.54 h  Y/U/V 35.82/41.69/41.44  chroma 27.6%
 31,200/50,000  loss  12.2435  bpp 2.1746  psnr  33.43  aux    25.93  lr 1.00e-04   2.07 it/s  eta  2.52 h  Y/U/V 35.41/41.17/41.16  chroma 27.6%
 31,400/50,000  loss  11.7787  bpp 2.1511  psnr  33.56  aux    33.80  lr 1.00e-04   2.08 it/s  eta  2.49 h  Y/U/V 35.46/41.21/41.37  chroma 27.7%
 31,600/50,000  loss  11.8302  bpp 2.1510  psnr  33.64  aux    24.45  lr 1.00e-04   2.07 it/s  eta  2.46 h  Y/U/V 35.68/41.18/41.30  chroma 27.6%
 31,800/50,000  loss  11.8456  bpp 2.1484  psnr  33.56  aux    19.73  lr 1.00e-04   2.08 it/s  eta  2.43 h  Y/U/V 35.56/41.27/41.17  chroma 27.8%
 32,000/50,000  loss  11.6844  bpp 2.1727  psnr  33.56  aux    32.10  lr 1.00e-04   2.08 it/s  eta  2.40 h  Y/U/V 35.63/41.29/40.89  chroma 27.9%
        rtcheck  act 1.7130  vs est  +0.31%  vs est_q  +0.02%  (sigma grid +0.29%)  oor y 0.001% z 0.000% (uv y 0.000% z 0.000%)  worst y_uv +17 B (+0.1%)  yhat exact  psnr 40.68  ok
        valid    loss  17.5383  bpp 2.3128  psnr  34.42
 32,200/50,000  loss  11.9536  bpp 2.1566  psnr  33.51  aux    25.97  lr 1.00e-04   2.02 it/s  eta  2.44 h  Y/U/V 35.59/41.14/40.88  chroma 27.9%
 32,400/50,000  loss  11.5411  bpp 2.1430  psnr  33.71  aux    25.21  lr 1.00e-04   2.08 it/s  eta  2.35 h  Y/U/V 35.78/41.40/41.25  chroma 27.7%
 32,600/50,000  loss  12.0075  bpp 2.1768  psnr  33.50  aux    27.73  lr 1.00e-04   2.08 it/s  eta  2.32 h  Y/U/V 35.43/41.42/41.10  chroma 27.8%
 32,800/50,000  loss  12.0401  bpp 2.1794  psnr  33.49  aux    25.70  lr 1.00e-04   2.08 it/s  eta  2.30 h  Y/U/V 35.51/41.20/41.07  chroma 27.9%
 33,000/50,000  loss  12.0961  bpp 2.1932  psnr  33.50  aux    27.78  lr 1.00e-04   2.08 it/s  eta  2.27 h  Y/U/V 35.47/41.26/41.10  chroma 27.9%
 33,200/50,000  loss  11.8837  bpp 2.1555  psnr  33.66  aux    35.18  lr 1.00e-04   2.08 it/s  eta  2.24 h  Y/U/V 35.59/41.55/41.43  chroma 27.7%
 33,400/50,000  loss  12.0248  bpp 2.1411  psnr  33.51  aux    24.78  lr 1.00e-04   2.09 it/s  eta  2.21 h  Y/U/V 35.39/41.51/41.34  chroma 27.8%
 33,600/50,000  loss  11.7104  bpp 2.1686  psnr  33.58  aux    29.89  lr 1.00e-04   2.08 it/s  eta  2.19 h  Y/U/V 35.65/41.40/40.86  chroma 27.9%
 33,800/50,000  loss  11.6098  bpp 2.1743  psnr  33.71  aux    29.98  lr 1.00e-04   2.08 it/s  eta  2.16 h  Y/U/V 35.67/41.49/41.24  chroma 27.9%
 34,000/50,000  loss  11.6753  bpp 2.1714  psnr  33.65  aux    20.39  lr 1.00e-04   2.08 it/s  eta  2.13 h  Y/U/V 35.72/41.43/41.16  chroma 27.7%
        rtcheck  act 1.7087  vs est  +0.57%  vs est_q  +0.03%  (sigma grid +0.54%)  oor y 0.001% z 0.000% (uv y 0.000% z 0.000%)  worst y_uv +17 B (+0.1%)  yhat exact  psnr 38.31  ok
        valid    loss  18.2332  bpp 2.2918  psnr  33.31
 34,200/50,000  loss  11.8447  bpp 2.1497  psnr  33.66  aux    24.28  lr 1.00e-04   2.03 it/s  eta  2.16 h  Y/U/V 35.73/41.37/41.36  chroma 28.2%
 34,400/50,000  loss  12.2649  bpp 2.1669  psnr  33.28  aux    24.02  lr 1.00e-04   2.08 it/s  eta  2.09 h  Y/U/V 35.41/40.85/40.87  chroma 28.0%
 34,600/50,000  loss  11.9875  bpp 2.1896  psnr  33.38  aux    33.89  lr 1.00e-04   2.07 it/s  eta  2.07 h  Y/U/V 35.28/41.24/41.29  chroma 27.7%
 34,800/50,000  loss  11.7265  bpp 2.1693  psnr  33.70  aux    29.72  lr 1.00e-04   2.08 it/s  eta  2.03 h  Y/U/V 35.71/41.30/41.28  chroma 28.2%
 35,000/50,000  loss  11.6157  bpp 2.1533  psnr  33.74  aux    26.90  lr 1.00e-04   2.00 it/s  eta  2.08 h  Y/U/V 35.75/41.51/41.33  chroma 27.9%
 35,200/50,000  loss  11.7349  bpp 2.1597  psnr  33.65  aux    23.44  lr 1.00e-04   1.98 it/s  eta  2.07 h  Y/U/V 35.75/41.35/40.87  chroma 28.0%
 35,400/50,000  loss  11.7932  bpp 2.1737  psnr  33.62  aux    31.79  lr 1.00e-04   1.95 it/s  eta  2.08 h  Y/U/V 35.72/41.21/41.02  chroma 28.0%
 35,600/50,000  loss  11.5741  bpp 2.1624  psnr  33.62  aux    32.80  lr 1.00e-04   1.68 it/s  eta  2.38 h  Y/U/V 35.66/41.42/41.05  chroma 28.2%
 35,800/50,000  loss  11.6933  bpp 2.1780  psnr  33.66  aux    27.01  lr 1.00e-04   1.94 it/s  eta  2.03 h  Y/U/V 35.58/41.60/41.43  chroma 27.7%
 36,000/50,000  loss  11.6636  bpp 2.1780  psnr  33.71  aux    30.63  lr 1.00e-04   1.96 it/s  eta  1.98 h  Y/U/V 35.73/41.46/41.23  chroma 27.9%
        rtcheck  act 1.7101  vs est  +0.89%  vs est_q  +0.03%  (sigma grid +0.86%)  oor y 0.000% z 0.000% (uv y 0.000% z 0.000%)  worst y_uv +13 B (+0.0%)  yhat exact  psnr 40.69  ok
        valid    loss  16.7297  bpp 2.2912  psnr  34.89
 36,200/50,000  loss  11.9266  bpp 2.1830  psnr  33.57  aux    27.07  lr 1.00e-04   1.94 it/s  eta  1.98 h  Y/U/V 35.43/41.59/41.29  chroma 28.0%
 36,400/50,000  loss  11.8615  bpp 2.2006  psnr  33.50  aux    33.30  lr 1.00e-04   1.96 it/s  eta  1.92 h  Y/U/V 35.59/41.13/40.87  chroma 28.2%
 36,600/50,000  loss  11.3637  bpp 2.1580  psnr  33.85  aux    32.56  lr 1.00e-04   2.00 it/s  eta  1.86 h  Y/U/V 35.74/41.70/41.64  chroma 27.9%
 36,800/50,000  loss  11.6786  bpp 2.1690  psnr  33.72  aux    26.78  lr 1.00e-04   1.84 it/s  eta  1.99 h  Y/U/V 35.73/41.53/41.15  chroma 27.8%
 37,000/50,000  loss  11.1870  bpp 2.1751  psnr  33.85  aux    29.26  lr 1.00e-04   1.95 it/s  eta  1.86 h  Y/U/V 36.00/41.45/41.13  chroma 28.1%
 37,200/50,000  loss  11.6724  bpp 2.1792  psnr  33.90  aux    23.40  lr 1.00e-04   1.98 it/s  eta  1.80 h  Y/U/V 36.01/41.49/41.23  chroma 28.1%
 37,400/50,000  loss  11.8841  bpp 2.2049  psnr  33.41  aux    21.31  lr 1.00e-04   1.96 it/s  eta  1.78 h  Y/U/V 35.39/41.08/40.94  chroma 27.9%
 37,600/50,000  loss  11.5843  bpp 2.1522  psnr  33.52  aux    26.09  lr 1.00e-04   2.08 it/s  eta  1.65 h  Y/U/V 35.55/41.29/41.25  chroma 28.0%
 37,800/50,000  loss  11.6395  bpp 2.1864  psnr  33.54  aux    25.34  lr 1.00e-04   2.07 it/s  eta  1.63 h  Y/U/V 35.46/41.38/41.40  chroma 27.9%
 38,000/50,000  loss  12.2093  bpp 2.2029  psnr  33.32  aux    28.07  lr 1.00e-04   2.08 it/s  eta  1.60 h  Y/U/V 35.60/40.71/40.45  chroma 28.2%
        rtcheck  act 1.7039  vs est  +0.71%  vs est_q  +0.02%  (sigma grid +0.69%)  oor y 0.001% z 0.000% (uv y 0.000% z 0.000%)  worst y_uv +7 B (+0.0%)  yhat exact  psnr 41.02  ok
        valid    loss  17.2856  bpp 2.3013  psnr  34.87
 38,200/50,000  loss  11.5366  bpp 2.1688  psnr  33.78  aux    22.80  lr 1.00e-04   2.03 it/s  eta  1.62 h  Y/U/V 35.77/41.48/41.35  chroma 27.9%
 38,400/50,000  loss  11.4440  bpp 2.1670  psnr  33.86  aux    28.80  lr 1.00e-04   2.08 it/s  eta  1.55 h  Y/U/V 35.89/41.45/41.39  chroma 28.2%
 38,600/50,000  loss  11.4842  bpp 2.1878  psnr  33.74  aux    32.32  lr 1.00e-04   2.08 it/s  eta  1.52 h  Y/U/V 35.77/41.25/41.45  chroma 28.0%
 38,800/50,000  loss  11.6295  bpp 2.1797  psnr  33.69  aux    28.70  lr 1.00e-04   2.08 it/s  eta  1.49 h  Y/U/V 35.77/41.43/41.10  chroma 28.2%
 39,000/50,000  loss  12.3710  bpp 2.1952  psnr  33.31  aux    18.72  lr 1.00e-04   2.08 it/s  eta  1.47 h  Y/U/V 35.38/40.96/40.79  chroma 28.0%
 39,200/50,000  loss  11.6436  bpp 2.1814  psnr  33.59  aux    26.67  lr 1.00e-04   2.04 it/s  eta  1.47 h  Y/U/V 35.72/41.18/40.89  chroma 28.2%
 39,400/50,000  loss  11.9000  bpp 2.1984  psnr  33.44  aux    28.08  lr 1.00e-04   2.07 it/s  eta  1.43 h  Y/U/V 35.58/41.11/40.80  chroma 28.2%
 39,600/50,000  loss  11.4198  bpp 2.1482  psnr  33.73  aux    29.50  lr 1.00e-04   2.07 it/s  eta  1.39 h  Y/U/V 35.82/41.50/41.06  chroma 28.0%
 39,800/50,000  loss  11.7171  bpp 2.1959  psnr  33.71  aux    30.82  lr 1.00e-04   2.06 it/s  eta  1.38 h  Y/U/V 35.74/41.56/41.08  chroma 28.1%
 40,000/50,000  loss  12.0320  bpp 2.2052  psnr  33.42  aux    27.04  lr 1.00e-04   2.07 it/s  eta  1.34 h  Y/U/V 35.47/41.06/40.91  chroma 28.2%
        rtcheck  act 1.7074  vs est  +0.72%  vs est_q  +0.04%  (sigma grid +0.68%)  oor y 0.000% z 0.000% (uv y 0.000% z 0.000%)  worst y +18 B (+0.0%)  yhat exact  psnr 40.70  ok
        valid    loss  17.3705  bpp 2.2996  psnr  34.42
 40,200/50,000  loss  11.5085  bpp 2.1812  psnr  33.83  aux    26.01  lr 1.00e-04   2.00 it/s  eta  1.36 h  Y/U/V 35.85/41.58/41.26  chroma 28.3%
 40,400/50,000  loss  11.7226  bpp 2.1968  psnr  33.66  aux    29.68  lr 1.00e-04   2.08 it/s  eta  1.28 h  Y/U/V 35.64/41.36/41.35  chroma 28.2%
 40,600/50,000  loss  11.9362  bpp 2.2138  psnr  33.43  aux    29.37  lr 1.00e-04   2.07 it/s  eta  1.26 h  Y/U/V 35.39/41.24/41.28  chroma 28.0%
 40,800/50,000  loss  11.3174  bpp 2.1631  psnr  33.81  aux    25.63  lr 1.00e-04   2.06 it/s  eta  1.24 h  Y/U/V 35.97/41.42/41.09  chroma 28.3%
 41,000/50,000  loss  11.6645  bpp 2.2000  psnr  33.72  aux    34.04  lr 1.00e-04   2.05 it/s  eta  1.22 h  Y/U/V 35.79/41.26/41.13  chroma 28.2%
 41,200/50,000  loss  11.4918  bpp 2.1965  psnr  33.79  aux    35.26  lr 1.00e-04   2.06 it/s  eta  1.19 h  Y/U/V 35.77/41.66/41.44  chroma 28.1%
 41,400/50,000  loss  11.7502  bpp 2.2053  psnr  33.64  aux    27.31  lr 1.00e-04   2.08 it/s  eta  1.15 h  Y/U/V 35.78/41.18/40.97  chroma 28.4%
 41,600/50,000  loss  11.5887  bpp 2.1915  psnr  33.63  aux    22.63  lr 1.00e-04   2.08 it/s  eta  1.12 h  Y/U/V 35.73/41.11/41.17  chroma 28.2%
 41,800/50,000  loss  11.8839  bpp 2.1876  psnr  33.41  aux    23.17  lr 1.00e-04   2.08 it/s  eta  1.10 h  Y/U/V 35.53/40.86/41.01  chroma 28.3%
 42,000/50,000  loss  11.4935  bpp 2.1971  psnr  33.74  aux    22.82  lr 1.00e-04   2.06 it/s  eta  1.08 h  Y/U/V 35.84/41.47/41.21  chroma 28.2%
        rtcheck  act 1.7281  vs est  +0.53%  vs est_q  +0.02%  (sigma grid +0.51%)  oor y 0.001% z 0.000% (uv y 0.000% z 0.000%)  worst y_uv +9 B (+0.0%)  yhat exact  psnr 40.60  ok
        valid    loss  17.1422  bpp 2.3329  psnr  34.74
 42,200/50,000  loss  11.6129  bpp 2.2143  psnr  33.70  aux    31.04  lr 1.00e-04   1.99 it/s  eta  1.09 h  Y/U/V 35.63/41.48/41.38  chroma 28.1%
 42,400/50,000  loss  11.2485  bpp 2.1793  psnr  34.03  aux    31.90  lr 1.00e-04   2.05 it/s  eta  1.03 h  Y/U/V 36.03/41.75/41.51  chroma 28.3%
 42,600/50,000  loss  11.5735  bpp 2.1872  psnr  33.66  aux    23.11  lr 1.00e-04   2.08 it/s  eta  0.99 h  Y/U/V 35.69/41.52/41.05  chroma 28.2%
 42,800/50,000  loss  11.5283  bpp 2.2064  psnr  33.81  aux    36.43  lr 1.00e-04   2.05 it/s  eta  0.97 h  Y/U/V 35.79/41.60/41.52  chroma 28.1%
 43,000/50,000  loss  11.2588  bpp 2.1855  psnr  33.81  aux    18.96  lr 1.00e-04   2.06 it/s  eta  0.95 h  Y/U/V 35.96/41.27/41.23  chroma 28.2%
 43,200/50,000  loss  11.6269  bpp 2.2174  psnr  33.62  aux    31.22  lr 1.00e-04   2.07 it/s  eta  0.91 h  Y/U/V 35.73/41.26/41.03  chroma 28.5%
 43,400/50,000  loss  11.3920  bpp 2.1913  psnr  33.81  aux    21.35  lr 1.00e-04   2.05 it/s  eta  0.89 h  Y/U/V 35.86/41.45/41.51  chroma 28.4%
 43,600/50,000  loss  11.3148  bpp 2.1893  psnr  33.93  aux    30.38  lr 1.00e-04   2.08 it/s  eta  0.86 h  Y/U/V 35.93/41.82/41.46  chroma 28.0%
 43,800/50,000  loss  11.7699  bpp 2.2299  psnr  33.71  aux    24.69  lr 1.00e-04   2.03 it/s  eta  0.85 h  Y/U/V 35.56/41.54/41.58  chroma 28.2%
 44,000/50,000  loss  11.6579  bpp 2.1979  psnr  33.73  aux    27.01  lr 1.00e-04   2.08 it/s  eta  0.80 h  Y/U/V 35.83/41.42/40.96  chroma 28.6%
        rtcheck  act 1.7321  vs est  +0.95%  vs est_q  +0.03%  (sigma grid +0.92%)  oor y 0.000% z 0.000% (uv y 0.000% z 0.000%)  worst y +15 B (+0.0%)  yhat exact  psnr 38.86  ok
        valid    loss  17.7245  bpp 2.3429  psnr  33.74
 44,200/50,000  loss  11.7410  bpp 2.2250  psnr  33.65  aux    23.66  lr 1.00e-04   2.03 it/s  eta  0.79 h  Y/U/V 35.83/41.07/40.97  chroma 28.5%
 44,400/50,000  loss  11.4892  bpp 2.1891  psnr  33.81  aux    25.10  lr 1.00e-04   2.09 it/s  eta  0.75 h  Y/U/V 35.79/41.52/41.60  chroma 28.1%
 44,600/50,000  loss  11.2134  bpp 2.1970  psnr  33.89  aux    30.55  lr 1.00e-04   2.09 it/s  eta  0.72 h  Y/U/V 35.89/41.70/41.37  chroma 28.3%
 44,800/50,000  loss  11.3286  bpp 2.2022  psnr  33.82  aux    24.05  lr 1.00e-04   2.09 it/s  eta  0.69 h  Y/U/V 35.85/41.41/41.40  chroma 28.4%
 45,000/50,000  loss  11.7415  bpp 2.2227  psnr  33.70  aux    29.28  lr 1.00e-04   2.09 it/s  eta  0.67 h  Y/U/V 35.76/41.46/41.22  chroma 28.3%
 45,200/50,000  loss  11.5527  bpp 2.1948  psnr  33.61  aux    24.63  lr 9.96e-05   2.09 it/s  eta  0.64 h  Y/U/V 35.65/41.27/41.26  chroma 28.6%
 45,400/50,000  loss  11.2058  bpp 2.2084  psnr  33.96  aux    21.26  lr 9.86e-05   2.09 it/s  eta  0.61 h  Y/U/V 36.06/41.53/41.49  chroma 28.4%
 45,600/50,000  loss  11.3117  bpp 2.2023  psnr  33.85  aux    30.96  lr 9.69e-05   2.09 it/s  eta  0.59 h  Y/U/V 35.84/41.66/41.38  chroma 28.2%
 45,800/50,000  loss  11.6793  bpp 2.2278  psnr  33.76  aux    32.77  lr 9.44e-05   2.09 it/s  eta  0.56 h  Y/U/V 35.75/41.39/41.48  chroma 28.4%
 46,000/50,000  loss  10.7810  bpp 2.1897  psnr  34.12  aux    22.38  lr 9.14e-05   2.09 it/s  eta  0.53 h  Y/U/V 36.25/41.75/41.40  chroma 28.3%
        rtcheck  act 1.7395  vs est  +0.63%  vs est_q  +0.03%  (sigma grid +0.60%)  oor y 0.000% z 0.000% (uv y 0.000% z 0.000%)  worst y +16 B (+0.0%)  yhat exact  psnr 39.60  ok
        valid    loss  17.4305  bpp 2.3481  psnr  34.31
 46,200/50,000  loss  11.4525  bpp 2.2167  psnr  33.72  aux    26.46  lr 8.78e-05   2.03 it/s  eta  0.52 h  Y/U/V 35.87/41.17/41.11  chroma 28.5%
 46,400/50,000  loss  11.0536  bpp 2.2110  psnr  33.98  aux    18.76  lr 8.37e-05   2.09 it/s  eta  0.48 h  Y/U/V 35.96/41.72/41.61  chroma 28.0%
 46,600/50,000  loss  11.0922  bpp 2.2235  psnr  33.89  aux    25.21  lr 7.91e-05   2.09 it/s  eta  0.45 h  Y/U/V 35.88/41.63/41.67  chroma 28.3%
 46,800/50,000  loss  11.1431  bpp 2.2406  psnr  33.95  aux    21.25  lr 7.42e-05   2.09 it/s  eta  0.43 h  Y/U/V 36.00/41.50/41.50  chroma 28.6%
 47,000/50,000  loss  10.7399  bpp 2.2136  psnr  34.09  aux    13.34  lr 6.89e-05   2.09 it/s  eta  0.40 h  Y/U/V 36.09/41.89/41.64  chroma 28.3%
 47,200/50,000  loss  10.5454  bpp 2.1885  psnr  34.17  aux    13.41  lr 6.35e-05   2.09 it/s  eta  0.37 h  Y/U/V 36.07/42.17/41.84  chroma 28.2%
 47,400/50,000  loss  10.6246  bpp 2.2372  psnr  34.12  aux    16.26  lr 5.79e-05   2.09 it/s  eta  0.35 h  Y/U/V 36.04/41.77/41.93  chroma 28.3%
 47,600/50,000  loss  10.5608  bpp 2.2334  psnr  34.19  aux     9.91  lr 5.22e-05   2.09 it/s  eta  0.32 h  Y/U/V 36.25/41.92/41.69  chroma 28.3%
 47,800/50,000  loss  10.1697  bpp 2.1975  psnr  34.38  aux     8.99  lr 4.66e-05   2.09 it/s  eta  0.29 h  Y/U/V 36.29/42.24/42.11  chroma 28.2%
 48,000/50,000  loss  10.1741  bpp 2.2296  psnr  34.46  aux     9.03  lr 4.11e-05   2.09 it/s  eta  0.27 h  Y/U/V 36.44/42.32/42.11  chroma 28.1%
        rtcheck  act 1.7511  vs est  +0.57%  vs est_q  +0.03%  (sigma grid +0.54%)  oor y 0.000% z 0.000% (uv y 0.000% z 0.000%)  worst y +14 B (+0.0%)  yhat exact  psnr 41.55  ok
        valid    loss  15.0122  bpp 2.3664  psnr  35.34
 48,200/50,000  loss  10.0335  bpp 2.2301  psnr  34.41  aux     9.28  lr 3.59e-05   2.03 it/s  eta  0.25 h  Y/U/V 36.35/42.15/42.21  chroma 28.1%
 48,400/50,000  loss   9.7675  bpp 2.2096  psnr  34.78  aux     8.39  lr 3.09e-05   2.09 it/s  eta  0.21 h  Y/U/V 36.74/42.54/42.45  chroma 28.3%
 48,600/50,000  loss  10.1987  bpp 2.2612  psnr  34.42  aux     7.83  lr 2.63e-05   2.09 it/s  eta  0.19 h  Y/U/V 36.35/42.09/42.28  chroma 28.2%
 48,800/50,000  loss   9.7431  bpp 2.2525  psnr  34.64  aux     7.51  lr 2.22e-05   2.09 it/s  eta  0.16 h  Y/U/V 36.53/42.63/42.46  chroma 28.0%
 49,000/50,000  loss   9.8826  bpp 2.2562  psnr  34.64  aux     7.11  lr 1.86e-05   2.09 it/s  eta  0.13 h  Y/U/V 36.45/42.58/42.63  chroma 27.9%
 49,200/50,000  loss   9.7729  bpp 2.2503  psnr  34.59  aux     7.01  lr 1.56e-05   2.09 it/s  eta  0.11 h  Y/U/V 36.48/42.47/42.41  chroma 28.3%
 49,400/50,000  loss   9.6631  bpp 2.2509  psnr  34.75  aux     6.94  lr 1.32e-05   2.09 it/s  eta  0.08 h  Y/U/V 36.68/42.57/42.52  chroma 28.2%
 49,600/50,000  loss   9.4194  bpp 2.2450  psnr  34.82  aux     6.67  lr 1.14e-05   2.09 it/s  eta  0.05 h  Y/U/V 36.72/42.71/42.70  chroma 28.1%
 49,800/50,000  loss   9.6182  bpp 2.2614  psnr  34.63  aux     6.65  lr 1.04e-05   2.09 it/s  eta  0.03 h  Y/U/V 36.57/42.42/42.37  chroma 28.2%
 50,000/50,000  loss   9.5463  bpp 2.2463  psnr  34.74  aux     6.52  lr 1.00e-05   2.09 it/s  eta  0.00 h  Y/U/V 36.59/42.64/42.71  chroma 28.1%
        rtcheck  act 1.7752  vs est  +0.51%  vs est_q  +0.03%  (sigma grid +0.48%)  oor y 0.001% z 0.000% (uv y 0.000% z 0.000%)  worst y +13 B (+0.0%)  yhat exact  psnr 42.22  ok
        valid    loss  14.3729  bpp 2.3985  psnr  35.81

final    bpp 2.3985  psnr 35.81
gate     actual 1.7752 bpp
         vs estimate with quantised sigma: +0.03%   <- the coder/table gate, target +-0.5%
         vs estimate the loss saw:         +0.51%   (of which +0.48% is the 32-level sigma grid)
         out of table range: y 0.001%  z 0.000%
         per stream (bytes vs that stream's own estimate): y +0.01% (+12.5 B)  y_uv +0.03% (+9.4 B)  z +1.29% (+6.9 B)  z_uv +0.96% (+7.2 B)
         yhat bit-exact through the coder: True
wrote    checkpoints/ladder_p5/beta0.2/final.pt

==============================================================================
ladder summary   (act bpp and psnr are from the REAL bitstream)
------------------------------------------------------------------------------
    beta   lambda    steps  est bpp  act bpp    psnr   gap_q     oor  exact     worst stream
   0.002      130   50,000   0.5353   0.4417   29.03   -3.30   0.000   True       y_uv +15 B
   0.012      780   50,000   0.9303   0.7225   31.80   +0.28   0.000   True      z_uv +104 B
    0.03     1951   50,000   1.3266   0.9831   33.52   +0.20   0.000   True      z_uv +109 B
   0.075     4877   50,000   1.8275   1.3445   34.83   +0.05   0.000   True       z_uv +21 B
     0.2    13005   50,000   2.3985   1.7752   35.81   +0.03   0.001   True          y +13 B
------------------------------------------------------------------------------
WARNING: the coder/table gate failed at beta 0.002 (-3.30%)
WARNING: a stream disagrees with its own entropy table at beta 0.012 (z_uv +104 B, +4.9%), 0.03 (z_uv +109 B, +9.5%)
         The coder is faithful; the TABLE is not the density the rate
         loss was trained against. Check `update()` against `forward()`
         for that stream's entropy model -- not the rANS layer.
valid:   /Users/nizam/JPEC AI/data/div2k/DIV2K_valid_HR

next: python -m jpegai.eval.runbench --neural checkpoints/ladder_p5 --codecs jpeg,webp,avif
